/*
SQLyog  v12.2.6 (64 bit)
MySQL - 5.6.22-log : Database - rr_test
*********************************************************************
*/

/*!40101 SET NAMES utf8 */;

/*!40101 SET SQL_MODE=''*/;

/*!40014 SET @OLD_UNIQUE_CHECKS=@@UNIQUE_CHECKS, UNIQUE_CHECKS=0 */;
/*!40014 SET @OLD_FOREIGN_KEY_CHECKS=@@FOREIGN_KEY_CHECKS, FOREIGN_KEY_CHECKS=0 */;
/*!40101 SET @OLD_SQL_MODE=@@SQL_MODE, SQL_MODE='NO_AUTO_VALUE_ON_ZERO' */;
/*!40111 SET @OLD_SQL_NOTES=@@SQL_NOTES, SQL_NOTES=0 */;
CREATE DATABASE /*!32312 IF NOT EXISTS*/`rr_test` /*!40100 DEFAULT CHARACTER SET utf8 */;

USE `rr_test`;

/*Table structure for table `qrtz_blob_triggers` */

DROP TABLE IF EXISTS `qrtz_blob_triggers`;

CREATE TABLE `qrtz_blob_triggers` (
  `SCHED_NAME` varchar(120) NOT NULL,
  `TRIGGER_NAME` varchar(200) NOT NULL,
  `TRIGGER_GROUP` varchar(200) NOT NULL,
  `BLOB_DATA` blob,
  PRIMARY KEY (`SCHED_NAME`,`TRIGGER_NAME`,`TRIGGER_GROUP`),
  KEY `SCHED_NAME` (`SCHED_NAME`,`TRIGGER_NAME`,`TRIGGER_GROUP`),
  CONSTRAINT `qrtz_blob_triggers_ibfk_1` FOREIGN KEY (`SCHED_NAME`, `TRIGGER_NAME`, `TRIGGER_GROUP`) REFERENCES `qrtz_triggers` (`SCHED_NAME`, `TRIGGER_NAME`, `TRIGGER_GROUP`)
) ENGINE=InnoDB DEFAULT CHARSET=utf8;

/*Data for the table `qrtz_blob_triggers` */

/*Table structure for table `qrtz_calendars` */

DROP TABLE IF EXISTS `qrtz_calendars`;

CREATE TABLE `qrtz_calendars` (
  `SCHED_NAME` varchar(120) NOT NULL,
  `CALENDAR_NAME` varchar(200) NOT NULL,
  `CALENDAR` blob NOT NULL,
  PRIMARY KEY (`SCHED_NAME`,`CALENDAR_NAME`)
) ENGINE=InnoDB DEFAULT CHARSET=utf8;

/*Data for the table `qrtz_calendars` */

/*Table structure for table `qrtz_cron_triggers` */

DROP TABLE IF EXISTS `qrtz_cron_triggers`;

CREATE TABLE `qrtz_cron_triggers` (
  `SCHED_NAME` varchar(120) NOT NULL,
  `TRIGGER_NAME` varchar(200) NOT NULL,
  `TRIGGER_GROUP` varchar(200) NOT NULL,
  `CRON_EXPRESSION` varchar(120) NOT NULL,
  `TIME_ZONE_ID` varchar(80) DEFAULT NULL,
  PRIMARY KEY (`SCHED_NAME`,`TRIGGER_NAME`,`TRIGGER_GROUP`),
  CONSTRAINT `qrtz_cron_triggers_ibfk_1` FOREIGN KEY (`SCHED_NAME`, `TRIGGER_NAME`, `TRIGGER_GROUP`) REFERENCES `qrtz_triggers` (`SCHED_NAME`, `TRIGGER_NAME`, `TRIGGER_GROUP`)
) ENGINE=InnoDB DEFAULT CHARSET=utf8;

/*Data for the table `qrtz_cron_triggers` */

insert  into `qrtz_cron_triggers`(`SCHED_NAME`,`TRIGGER_NAME`,`TRIGGER_GROUP`,`CRON_EXPRESSION`,`TIME_ZONE_ID`) values 
('RenrenScheduler','TASK_1','DEFAULT','0 0/30 * * * ?','Asia/Shanghai'),
('RenrenScheduler','TASK_2','DEFAULT','0 0/30 * * * ?','Asia/Shanghai'),
('RenrenScheduler','TASK_3','DEFAULT','0 0/30 * * * ?','Asia/Shanghai');

/*Table structure for table `qrtz_fired_triggers` */

DROP TABLE IF EXISTS `qrtz_fired_triggers`;

CREATE TABLE `qrtz_fired_triggers` (
  `SCHED_NAME` varchar(120) NOT NULL,
  `ENTRY_ID` varchar(95) NOT NULL,
  `TRIGGER_NAME` varchar(200) NOT NULL,
  `TRIGGER_GROUP` varchar(200) NOT NULL,
  `INSTANCE_NAME` varchar(200) NOT NULL,
  `FIRED_TIME` bigint(13) NOT NULL,
  `SCHED_TIME` bigint(13) NOT NULL,
  `PRIORITY` int(11) NOT NULL,
  `STATE` varchar(16) NOT NULL,
  `JOB_NAME` varchar(200) DEFAULT NULL,
  `JOB_GROUP` varchar(200) DEFAULT NULL,
  `IS_NONCONCURRENT` varchar(1) DEFAULT NULL,
  `REQUESTS_RECOVERY` varchar(1) DEFAULT NULL,
  PRIMARY KEY (`SCHED_NAME`,`ENTRY_ID`),
  KEY `IDX_QRTZ_FT_TRIG_INST_NAME` (`SCHED_NAME`,`INSTANCE_NAME`),
  KEY `IDX_QRTZ_FT_INST_JOB_REQ_RCVRY` (`SCHED_NAME`,`INSTANCE_NAME`,`REQUESTS_RECOVERY`),
  KEY `IDX_QRTZ_FT_J_G` (`SCHED_NAME`,`JOB_NAME`,`JOB_GROUP`),
  KEY `IDX_QRTZ_FT_JG` (`SCHED_NAME`,`JOB_GROUP`),
  KEY `IDX_QRTZ_FT_T_G` (`SCHED_NAME`,`TRIGGER_NAME`,`TRIGGER_GROUP`),
  KEY `IDX_QRTZ_FT_TG` (`SCHED_NAME`,`TRIGGER_GROUP`)
) ENGINE=InnoDB DEFAULT CHARSET=utf8;

/*Data for the table `qrtz_fired_triggers` */

/*Table structure for table `qrtz_job_details` */

DROP TABLE IF EXISTS `qrtz_job_details`;

CREATE TABLE `qrtz_job_details` (
  `SCHED_NAME` varchar(120) NOT NULL,
  `JOB_NAME` varchar(200) NOT NULL,
  `JOB_GROUP` varchar(200) NOT NULL,
  `DESCRIPTION` varchar(250) DEFAULT NULL,
  `JOB_CLASS_NAME` varchar(250) NOT NULL,
  `IS_DURABLE` varchar(1) NOT NULL,
  `IS_NONCONCURRENT` varchar(1) NOT NULL,
  `IS_UPDATE_DATA` varchar(1) NOT NULL,
  `REQUESTS_RECOVERY` varchar(1) NOT NULL,
  `JOB_DATA` blob,
  PRIMARY KEY (`SCHED_NAME`,`JOB_NAME`,`JOB_GROUP`),
  KEY `IDX_QRTZ_J_REQ_RECOVERY` (`SCHED_NAME`,`REQUESTS_RECOVERY`),
  KEY `IDX_QRTZ_J_GRP` (`SCHED_NAME`,`JOB_GROUP`)
) ENGINE=InnoDB DEFAULT CHARSET=utf8;

/*Data for the table `qrtz_job_details` */

insert  into `qrtz_job_details`(`SCHED_NAME`,`JOB_NAME`,`JOB_GROUP`,`DESCRIPTION`,`JOB_CLASS_NAME`,`IS_DURABLE`,`IS_NONCONCURRENT`,`IS_UPDATE_DATA`,`REQUESTS_RECOVERY`,`JOB_DATA`) values 
('RenrenScheduler','TASK_1','DEFAULT',NULL,'io.renren.modules.job.utils.ScheduleJob','0','0','0','0','¬í\0sr\0org.quartz.JobDataMapŸ°ƒè¿©°Ë\0\0xr\0&org.quartz.utils.StringKeyDirtyFlagMap‚èÃûÅ](\0Z\0allowsTransientDataxr\0org.quartz.utils.DirtyFlagMapæ.­(v\nÎ\0Z\0dirtyL\0mapt\0Ljava/util/Map;xpsr\0java.util.HashMapÚÁÃ`Ñ\0F\0\nloadFactorI\0	thresholdxp?@\0\0\0\0\0w\0\0\0\0\0\0t\0\rJOB_PARAM_KEYsr\0.io.renren.modules.job.entity.ScheduleJobEntity\0\0\0\0\0\0\0\0L\0beanNamet\0Ljava/lang/String;L\0\ncreateTimet\0Ljava/util/Date;L\0cronExpressionq\0~\0	L\0jobIdt\0Ljava/lang/Long;L\0paramsq\0~\0	L\0remarkq\0~\0	L\0statust\0Ljava/lang/Integer;xpt\0testTasksr\0java.util.DatehjKYt\0\0xpw\0\0jJ‡s@xt\00 0/30 * * * ?sr\0java.lang.Long;‹äÌ#ß\0J\0valuexr\0java.lang.Number†¬•”à‹\0\0xp\0\0\0\0\0\0\0t\0renrent\0å‚æ•°æµ‹è¯•sr\0java.lang.Integerâ ¤÷‡8\0I\0valuexq\0~\0\0\0\0\0x\0'),
('RenrenScheduler','TASK_2','DEFAULT',NULL,'io.renren.modules.job.utils.ScheduleJob','0','0','0','0','¬í\0sr\0org.quartz.JobDataMapŸ°ƒè¿©°Ë\0\0xr\0&org.quartz.utils.StringKeyDirtyFlagMap‚èÃûÅ](\0Z\0allowsTransientDataxr\0org.quartz.utils.DirtyFlagMapæ.­(v\nÎ\0Z\0dirtyL\0mapt\0Ljava/util/Map;xpsr\0java.util.HashMapÚÁÃ`Ñ\0F\0\nloadFactorI\0	thresholdxp?@\0\0\0\0\0w\0\0\0\0\0\0t\0\rJOB_PARAM_KEYsr\0.io.renren.modules.job.entity.ScheduleJobEntity\0\0\0\0\0\0\0\0L\0beanNamet\0Ljava/lang/String;L\0\ncreateTimet\0Ljava/util/Date;L\0cronExpressionq\0~\0	L\0jobIdt\0Ljava/lang/Long;L\0paramsq\0~\0	L\0remarkq\0~\0	L\0statust\0Ljava/lang/Integer;xpt\0testTasksr\0java.util.DatehjKYt\0\0xpw\0\0jOöÒ¨xt\00 0/30 * * * ?sr\0java.lang.Long;‹äÌ#ß\0J\0valuexr\0java.lang.Number†¬•”à‹\0\0xp\0\0\0\0\0\0\0t\0renrent\0å‚æ•°æµ‹è¯•sr\0java.lang.Integerâ ¤÷‡8\0I\0valuexq\0~\0\0\0\0\0x\0'),
('RenrenScheduler','TASK_3','DEFAULT',NULL,'io.renren.modules.job.utils.ScheduleJob','0','0','0','0','¬í\0sr\0org.quartz.JobDataMapŸ°ƒè¿©°Ë\0\0xr\0&org.quartz.utils.StringKeyDirtyFlagMap‚èÃûÅ](\0Z\0allowsTransientDataxr\0org.quartz.utils.DirtyFlagMapæ.­(v\nÎ\0Z\0dirtyL\0mapt\0Ljava/util/Map;xpsr\0java.util.HashMapÚÁÃ`Ñ\0F\0\nloadFactorI\0	thresholdxp?@\0\0\0\0\0w\0\0\0\0\0\0t\0\rJOB_PARAM_KEYsr\0.io.renren.modules.job.entity.ScheduleJobEntity\0\0\0\0\0\0\0\0L\0beanNamet\0Ljava/lang/String;L\0\ncreateTimet\0Ljava/util/Date;L\0cronExpressionq\0~\0	L\0jobIdt\0Ljava/lang/Long;L\0paramsq\0~\0	L\0remarkq\0~\0	L\0statust\0Ljava/lang/Integer;xpt\0testTasksr\0java.util.DatehjKYt\0\0xpw\0\0jOü5xt\00 0/30 * * * ?sr\0java.lang.Long;‹äÌ#ß\0J\0valuexr\0java.lang.Number†¬•”à‹\0\0xp\0\0\0\0\0\0\0t\0renrent\0å‚æ•°æµ‹è¯•sr\0java.lang.Integerâ ¤÷‡8\0I\0valuexq\0~\0\0\0\0\0x\0');

/*Table structure for table `qrtz_locks` */

DROP TABLE IF EXISTS `qrtz_locks`;

CREATE TABLE `qrtz_locks` (
  `SCHED_NAME` varchar(120) NOT NULL,
  `LOCK_NAME` varchar(40) NOT NULL,
  PRIMARY KEY (`SCHED_NAME`,`LOCK_NAME`)
) ENGINE=InnoDB DEFAULT CHARSET=utf8;

/*Data for the table `qrtz_locks` */

insert  into `qrtz_locks`(`SCHED_NAME`,`LOCK_NAME`) values 
('RenrenScheduler','STATE_ACCESS'),
('RenrenScheduler','TRIGGER_ACCESS');

/*Table structure for table `qrtz_paused_trigger_grps` */

DROP TABLE IF EXISTS `qrtz_paused_trigger_grps`;

CREATE TABLE `qrtz_paused_trigger_grps` (
  `SCHED_NAME` varchar(120) NOT NULL,
  `TRIGGER_GROUP` varchar(200) NOT NULL,
  PRIMARY KEY (`SCHED_NAME`,`TRIGGER_GROUP`)
) ENGINE=InnoDB DEFAULT CHARSET=utf8;

/*Data for the table `qrtz_paused_trigger_grps` */

/*Table structure for table `qrtz_scheduler_state` */

DROP TABLE IF EXISTS `qrtz_scheduler_state`;

CREATE TABLE `qrtz_scheduler_state` (
  `SCHED_NAME` varchar(120) NOT NULL,
  `INSTANCE_NAME` varchar(200) NOT NULL,
  `LAST_CHECKIN_TIME` bigint(13) NOT NULL,
  `CHECKIN_INTERVAL` bigint(13) NOT NULL,
  PRIMARY KEY (`SCHED_NAME`,`INSTANCE_NAME`)
) ENGINE=InnoDB DEFAULT CHARSET=utf8;

/*Data for the table `qrtz_scheduler_state` */

insert  into `qrtz_scheduler_state`(`SCHED_NAME`,`INSTANCE_NAME`,`LAST_CHECKIN_TIME`,`CHECKIN_INTERVAL`) values 
('RenrenScheduler','DESKTOP-2UF0ODU1556696408760',1556701331841,15000);

/*Table structure for table `qrtz_simple_triggers` */

DROP TABLE IF EXISTS `qrtz_simple_triggers`;

CREATE TABLE `qrtz_simple_triggers` (
  `SCHED_NAME` varchar(120) NOT NULL,
  `TRIGGER_NAME` varchar(200) NOT NULL,
  `TRIGGER_GROUP` varchar(200) NOT NULL,
  `REPEAT_COUNT` bigint(7) NOT NULL,
  `REPEAT_INTERVAL` bigint(12) NOT NULL,
  `TIMES_TRIGGERED` bigint(10) NOT NULL,
  PRIMARY KEY (`SCHED_NAME`,`TRIGGER_NAME`,`TRIGGER_GROUP`),
  CONSTRAINT `qrtz_simple_triggers_ibfk_1` FOREIGN KEY (`SCHED_NAME`, `TRIGGER_NAME`, `TRIGGER_GROUP`) REFERENCES `qrtz_triggers` (`SCHED_NAME`, `TRIGGER_NAME`, `TRIGGER_GROUP`)
) ENGINE=InnoDB DEFAULT CHARSET=utf8;

/*Data for the table `qrtz_simple_triggers` */

/*Table structure for table `qrtz_simprop_triggers` */

DROP TABLE IF EXISTS `qrtz_simprop_triggers`;

CREATE TABLE `qrtz_simprop_triggers` (
  `SCHED_NAME` varchar(120) NOT NULL,
  `TRIGGER_NAME` varchar(200) NOT NULL,
  `TRIGGER_GROUP` varchar(200) NOT NULL,
  `STR_PROP_1` varchar(512) DEFAULT NULL,
  `STR_PROP_2` varchar(512) DEFAULT NULL,
  `STR_PROP_3` varchar(512) DEFAULT NULL,
  `INT_PROP_1` int(11) DEFAULT NULL,
  `INT_PROP_2` int(11) DEFAULT NULL,
  `LONG_PROP_1` bigint(20) DEFAULT NULL,
  `LONG_PROP_2` bigint(20) DEFAULT NULL,
  `DEC_PROP_1` decimal(13,4) DEFAULT NULL,
  `DEC_PROP_2` decimal(13,4) DEFAULT NULL,
  `BOOL_PROP_1` varchar(1) DEFAULT NULL,
  `BOOL_PROP_2` varchar(1) DEFAULT NULL,
  PRIMARY KEY (`SCHED_NAME`,`TRIGGER_NAME`,`TRIGGER_GROUP`),
  CONSTRAINT `qrtz_simprop_triggers_ibfk_1` FOREIGN KEY (`SCHED_NAME`, `TRIGGER_NAME`, `TRIGGER_GROUP`) REFERENCES `qrtz_triggers` (`SCHED_NAME`, `TRIGGER_NAME`, `TRIGGER_GROUP`)
) ENGINE=InnoDB DEFAULT CHARSET=utf8;

/*Data for the table `qrtz_simprop_triggers` */

/*Table structure for table `qrtz_triggers` */

DROP TABLE IF EXISTS `qrtz_triggers`;

CREATE TABLE `qrtz_triggers` (
  `SCHED_NAME` varchar(120) NOT NULL,
  `TRIGGER_NAME` varchar(200) NOT NULL,
  `TRIGGER_GROUP` varchar(200) NOT NULL,
  `JOB_NAME` varchar(200) NOT NULL,
  `JOB_GROUP` varchar(200) NOT NULL,
  `DESCRIPTION` varchar(250) DEFAULT NULL,
  `NEXT_FIRE_TIME` bigint(13) DEFAULT NULL,
  `PREV_FIRE_TIME` bigint(13) DEFAULT NULL,
  `PRIORITY` int(11) DEFAULT NULL,
  `TRIGGER_STATE` varchar(16) NOT NULL,
  `TRIGGER_TYPE` varchar(8) NOT NULL,
  `START_TIME` bigint(13) NOT NULL,
  `END_TIME` bigint(13) DEFAULT NULL,
  `CALENDAR_NAME` varchar(200) DEFAULT NULL,
  `MISFIRE_INSTR` smallint(2) DEFAULT NULL,
  `JOB_DATA` blob,
  PRIMARY KEY (`SCHED_NAME`,`TRIGGER_NAME`,`TRIGGER_GROUP`),
  KEY `IDX_QRTZ_T_J` (`SCHED_NAME`,`JOB_NAME`,`JOB_GROUP`),
  KEY `IDX_QRTZ_T_JG` (`SCHED_NAME`,`JOB_GROUP`),
  KEY `IDX_QRTZ_T_C` (`SCHED_NAME`,`CALENDAR_NAME`),
  KEY `IDX_QRTZ_T_G` (`SCHED_NAME`,`TRIGGER_GROUP`),
  KEY `IDX_QRTZ_T_STATE` (`SCHED_NAME`,`TRIGGER_STATE`),
  KEY `IDX_QRTZ_T_N_STATE` (`SCHED_NAME`,`TRIGGER_NAME`,`TRIGGER_GROUP`,`TRIGGER_STATE`),
  KEY `IDX_QRTZ_T_N_G_STATE` (`SCHED_NAME`,`TRIGGER_GROUP`,`TRIGGER_STATE`),
  KEY `IDX_QRTZ_T_NEXT_FIRE_TIME` (`SCHED_NAME`,`NEXT_FIRE_TIME`),
  KEY `IDX_QRTZ_T_NFT_ST` (`SCHED_NAME`,`TRIGGER_STATE`,`NEXT_FIRE_TIME`),
  KEY `IDX_QRTZ_T_NFT_MISFIRE` (`SCHED_NAME`,`MISFIRE_INSTR`,`NEXT_FIRE_TIME`),
  KEY `IDX_QRTZ_T_NFT_ST_MISFIRE` (`SCHED_NAME`,`MISFIRE_INSTR`,`NEXT_FIRE_TIME`,`TRIGGER_STATE`),
  KEY `IDX_QRTZ_T_NFT_ST_MISFIRE_GRP` (`SCHED_NAME`,`MISFIRE_INSTR`,`NEXT_FIRE_TIME`,`TRIGGER_GROUP`,`TRIGGER_STATE`),
  CONSTRAINT `qrtz_triggers_ibfk_1` FOREIGN KEY (`SCHED_NAME`, `JOB_NAME`, `JOB_GROUP`) REFERENCES `qrtz_job_details` (`SCHED_NAME`, `JOB_NAME`, `JOB_GROUP`)
) ENGINE=InnoDB DEFAULT CHARSET=utf8;

/*Data for the table `qrtz_triggers` */

insert  into `qrtz_triggers`(`SCHED_NAME`,`TRIGGER_NAME`,`TRIGGER_GROUP`,`JOB_NAME`,`JOB_GROUP`,`DESCRIPTION`,`NEXT_FIRE_TIME`,`PREV_FIRE_TIME`,`PRIORITY`,`TRIGGER_STATE`,`TRIGGER_TYPE`,`START_TIME`,`END_TIME`,`CALENDAR_NAME`,`MISFIRE_INSTR`,`JOB_DATA`) values 
('RenrenScheduler','TASK_1','DEFAULT','TASK_1','DEFAULT',NULL,1556703000000,1556701200000,5,'WAITING','CRON',1556029684000,0,NULL,2,'¬í\0sr\0org.quartz.JobDataMapŸ°ƒè¿©°Ë\0\0xr\0&org.quartz.utils.StringKeyDirtyFlagMap‚èÃûÅ](\0Z\0allowsTransientDataxr\0org.quartz.utils.DirtyFlagMapæ.­(v\nÎ\0Z\0dirtyL\0mapt\0Ljava/util/Map;xpsr\0java.util.HashMapÚÁÃ`Ñ\0F\0\nloadFactorI\0	thresholdxp?@\0\0\0\0\0w\0\0\0\0\0\0t\0\rJOB_PARAM_KEYsr\0.io.renren.modules.job.entity.ScheduleJobEntity\0\0\0\0\0\0\0\0L\0beanNamet\0Ljava/lang/String;L\0\ncreateTimet\0Ljava/util/Date;L\0cronExpressionq\0~\0	L\0jobIdt\0Ljava/lang/Long;L\0paramsq\0~\0	L\0remarkq\0~\0	L\0statust\0Ljava/lang/Integer;xpt\0testTasksr\0java.util.DatehjKYt\0\0xpw\0\0jJ‡s@xt\00 0/30 * * * ?sr\0java.lang.Long;‹äÌ#ß\0J\0valuexr\0java.lang.Number†¬•”à‹\0\0xp\0\0\0\0\0\0\0t\0renrent\0å‚æ•°æµ‹è¯•sr\0java.lang.Integerâ ¤÷‡8\0I\0valuexq\0~\0\0\0\0\0x\0'),
('RenrenScheduler','TASK_2','DEFAULT','TASK_2','DEFAULT',NULL,1556703000000,1556701200000,5,'WAITING','CRON',1556121837000,0,NULL,2,'¬í\0sr\0org.quartz.JobDataMapŸ°ƒè¿©°Ë\0\0xr\0&org.quartz.utils.StringKeyDirtyFlagMap‚èÃûÅ](\0Z\0allowsTransientDataxr\0org.quartz.utils.DirtyFlagMapæ.­(v\nÎ\0Z\0dirtyL\0mapt\0Ljava/util/Map;xpsr\0java.util.HashMapÚÁÃ`Ñ\0F\0\nloadFactorI\0	thresholdxp?@\0\0\0\0\0w\0\0\0\0\0\0t\0\rJOB_PARAM_KEYsr\0.io.renren.modules.job.entity.ScheduleJobEntity\0\0\0\0\0\0\0\0L\0beanNamet\0Ljava/lang/String;L\0\ncreateTimet\0Ljava/util/Date;L\0cronExpressionq\0~\0	L\0jobIdt\0Ljava/lang/Long;L\0paramsq\0~\0	L\0remarkq\0~\0	L\0statust\0Ljava/lang/Integer;xpt\0testTasksr\0java.util.DatehjKYt\0\0xpw\0\0jOöÒ¨xt\00 0/30 * * * ?sr\0java.lang.Long;‹äÌ#ß\0J\0valuexr\0java.lang.Number†¬•”à‹\0\0xp\0\0\0\0\0\0\0t\0renrent\0å‚æ•°æµ‹è¯•sr\0java.lang.Integerâ ¤÷‡8\0I\0valuexq\0~\0\0\0\0\0x\0'),
('RenrenScheduler','TASK_3','DEFAULT','TASK_3','DEFAULT',NULL,1556703000000,1556701200000,5,'WAITING','CRON',1556121837000,0,NULL,2,'¬í\0sr\0org.quartz.JobDataMapŸ°ƒè¿©°Ë\0\0xr\0&org.quartz.utils.StringKeyDirtyFlagMap‚èÃûÅ](\0Z\0allowsTransientDataxr\0org.quartz.utils.DirtyFlagMapæ.­(v\nÎ\0Z\0dirtyL\0mapt\0Ljava/util/Map;xpsr\0java.util.HashMapÚÁÃ`Ñ\0F\0\nloadFactorI\0	thresholdxp?@\0\0\0\0\0w\0\0\0\0\0\0t\0\rJOB_PARAM_KEYsr\0.io.renren.modules.job.entity.ScheduleJobEntity\0\0\0\0\0\0\0\0L\0beanNamet\0Ljava/lang/String;L\0\ncreateTimet\0Ljava/util/Date;L\0cronExpressionq\0~\0	L\0jobIdt\0Ljava/lang/Long;L\0paramsq\0~\0	L\0remarkq\0~\0	L\0statust\0Ljava/lang/Integer;xpt\0testTasksr\0java.util.DatehjKYt\0\0xpw\0\0jOü5xt\00 0/30 * * * ?sr\0java.lang.Long;‹äÌ#ß\0J\0valuexr\0java.lang.Number†¬•”à‹\0\0xp\0\0\0\0\0\0\0t\0renrent\0å‚æ•°æµ‹è¯•sr\0java.lang.Integerâ ¤÷‡8\0I\0valuexq\0~\0\0\0\0\0x\0');

/*Table structure for table `schedule_job` */

DROP TABLE IF EXISTS `schedule_job`;

CREATE TABLE `schedule_job` (
  `job_id` bigint(20) NOT NULL AUTO_INCREMENT COMMENT 'ä»»åŠ¡id',
  `bean_name` varchar(200) DEFAULT NULL COMMENT 'spring beanåç§°',
  `params` varchar(2000) DEFAULT NULL COMMENT 'å‚æ•°',
  `cron_expression` varchar(100) DEFAULT NULL COMMENT 'cronè¡¨è¾¾å¼',
  `status` tinyint(4) DEFAULT NULL COMMENT 'ä»»åŠ¡çŠ¶æ€  0ï¼šæ­£å¸¸  1ï¼šæš‚åœ',
  `remark` varchar(255) DEFAULT NULL COMMENT 'å¤‡æ³¨',
  `create_time` datetime DEFAULT NULL COMMENT 'åˆ›å»ºæ—¶é—´',
  PRIMARY KEY (`job_id`)
) ENGINE=InnoDB AUTO_INCREMENT=4 DEFAULT CHARSET=utf8 COMMENT='å®šæ—¶ä»»åŠ¡';

/*Data for the table `schedule_job` */

insert  into `schedule_job`(`job_id`,`bean_name`,`params`,`cron_expression`,`status`,`remark`,`create_time`) values 
(1,'testTask','renren','0 0/30 * * * ?',0,'å‚æ•°æµ‹è¯•','2019-04-23 22:09:12'),
(2,'testTask','renren','0 0/30 * * * ?',0,'å‚æ•°æµ‹è¯•','2019-04-24 23:28:57'),
(3,'testTask','renren','0 0/30 * * * ?',0,'å‚æ•°æµ‹è¯•','2019-04-24 23:34:50');

/*Table structure for table `schedule_job_log` */

DROP TABLE IF EXISTS `schedule_job_log`;

CREATE TABLE `schedule_job_log` (
  `log_id` bigint(20) NOT NULL AUTO_INCREMENT COMMENT 'ä»»åŠ¡æ—¥å¿—id',
  `job_id` bigint(20) NOT NULL COMMENT 'ä»»åŠ¡id',
  `bean_name` varchar(200) DEFAULT NULL COMMENT 'spring beanåç§°',
  `params` varchar(2000) DEFAULT NULL COMMENT 'å‚æ•°',
  `status` tinyint(4) NOT NULL COMMENT 'ä»»åŠ¡çŠ¶æ€    0ï¼šæˆåŠŸ    1ï¼šå¤±è´¥',
  `error` varchar(2000) DEFAULT NULL COMMENT 'å¤±è´¥ä¿¡æ¯',
  `times` int(11) NOT NULL COMMENT 'è€—æ—¶(å•ä½ï¼šæ¯«ç§’)',
  `create_time` datetime DEFAULT NULL COMMENT 'åˆ›å»ºæ—¶é—´',
  PRIMARY KEY (`log_id`),
  KEY `job_id` (`job_id`)
) ENGINE=InnoDB AUTO_INCREMENT=138 DEFAULT CHARSET=utf8 COMMENT='å®šæ—¶ä»»åŠ¡æ—¥å¿—';

/*Data for the table `schedule_job_log` */

insert  into `schedule_job_log`(`log_id`,`job_id`,`bean_name`,`params`,`status`,`error`,`times`,`create_time`) values 
(1,1,'testTask','renren',0,NULL,2,'2019-04-23 22:30:00'),
(2,1,'testTask','renren',0,NULL,14,'2019-04-23 23:00:00'),
(3,1,'testTask','renren',0,NULL,29,'2019-04-24 22:30:00'),
(4,1,'testTask','renren',0,NULL,10,'2019-04-24 23:00:00'),
(5,1,'testTask','renren',0,NULL,2,'2019-04-24 23:30:00'),
(6,1,'testTask','renren',0,NULL,4,'2019-04-25 00:30:00'),
(7,2,'testTask','renren',0,NULL,1,'2019-04-25 00:30:01'),
(8,3,'testTask','renren',0,NULL,1,'2019-04-25 00:30:01'),
(9,2,'testTask','renren',0,NULL,111,'2019-04-25 22:30:06'),
(10,1,'testTask','renren',0,NULL,102,'2019-04-25 22:30:06'),
(11,3,'testTask','renren',0,NULL,5,'2019-04-25 22:30:07'),
(12,1,'testTask','renren',0,NULL,5,'2019-04-25 23:00:00'),
(13,2,'testTask','renren',0,NULL,1,'2019-04-25 23:00:01'),
(14,3,'testTask','renren',0,NULL,3,'2019-04-25 23:00:01'),
(15,1,'testTask','renren',0,NULL,143,'2019-04-25 23:30:00'),
(16,2,'testTask','renren',0,NULL,67,'2019-04-25 23:30:01'),
(17,3,'testTask','renren',0,NULL,5,'2019-04-25 23:30:01'),
(18,3,'testTask','renren',0,NULL,764,'2019-04-26 00:00:02'),
(19,2,'testTask','renren',0,NULL,1111,'2019-04-26 00:00:01'),
(20,1,'testTask','renren',0,NULL,1692,'2019-04-26 00:00:01'),
(21,1,'testTask','renren',0,NULL,8,'2019-04-26 22:30:00'),
(22,2,'testTask','renren',0,NULL,5,'2019-04-26 22:30:00'),
(23,3,'testTask','renren',0,NULL,5,'2019-04-26 22:30:01'),
(24,1,'testTask','renren',0,NULL,4,'2019-04-26 23:00:00'),
(25,2,'testTask','renren',0,NULL,4,'2019-04-26 23:00:00'),
(26,3,'testTask','renren',0,NULL,1,'2019-04-26 23:00:01'),
(27,1,'testTask','renren',0,NULL,5,'2019-04-26 23:30:00'),
(28,2,'testTask','renren',0,NULL,1,'2019-04-26 23:30:01'),
(29,3,'testTask','renren',0,NULL,2,'2019-04-26 23:30:01'),
(30,1,'testTask','renren',0,NULL,211,'2019-04-27 00:00:00'),
(31,2,'testTask','renren',0,NULL,12,'2019-04-27 00:00:00'),
(32,3,'testTask','renren',0,NULL,5,'2019-04-27 00:00:01'),
(33,1,'testTask','renren',0,NULL,47,'2019-04-27 00:30:00'),
(34,2,'testTask','renren',0,NULL,18,'2019-04-27 00:30:02'),
(35,3,'testTask','renren',0,NULL,2,'2019-04-27 00:30:02'),
(36,1,'testTask','renren',0,NULL,56,'2019-04-27 01:00:00'),
(37,2,'testTask','renren',0,NULL,8,'2019-04-27 01:00:01'),
(38,3,'testTask','renren',0,NULL,3,'2019-04-27 01:00:01'),
(39,1,'testTask','renren',0,NULL,5,'2019-04-27 21:30:00'),
(40,2,'testTask','renren',0,NULL,0,'2019-04-27 21:30:01'),
(41,3,'testTask','renren',0,NULL,3,'2019-04-27 21:30:02'),
(42,1,'testTask','renren',0,NULL,7,'2019-04-27 22:00:00'),
(43,2,'testTask','renren',0,NULL,7,'2019-04-27 22:00:01'),
(44,3,'testTask','renren',0,NULL,0,'2019-04-27 22:00:01'),
(45,1,'testTask','renren',0,NULL,4,'2019-04-27 22:30:00'),
(46,2,'testTask','renren',0,NULL,8,'2019-04-27 22:30:01'),
(47,3,'testTask','renren',0,NULL,1,'2019-04-27 22:30:01'),
(48,1,'testTask','renren',0,NULL,4,'2019-04-27 23:00:00'),
(49,2,'testTask','renren',0,NULL,1,'2019-04-27 23:00:01'),
(50,3,'testTask','renren',0,NULL,1,'2019-04-27 23:00:01'),
(51,1,'testTask','renren',0,NULL,4,'2019-04-27 23:30:00'),
(52,2,'testTask','renren',0,NULL,2,'2019-04-27 23:30:00'),
(53,3,'testTask','renren',0,NULL,7,'2019-04-27 23:30:01'),
(54,1,'testTask','renren',0,NULL,113,'2019-04-28 00:00:01'),
(55,2,'testTask','renren',0,NULL,2,'2019-04-28 00:00:05'),
(56,3,'testTask','renren',0,NULL,1,'2019-04-28 00:00:06'),
(57,2,'testTask','renren',0,NULL,0,'2019-04-29 21:00:00'),
(58,1,'testTask','renren',0,NULL,0,'2019-04-29 21:00:00'),
(59,3,'testTask','renren',0,NULL,0,'2019-04-29 21:00:00'),
(60,1,'testTask','renren',0,NULL,1,'2019-04-29 21:30:00'),
(61,2,'testTask','renren',0,NULL,1,'2019-04-29 21:30:00'),
(62,3,'testTask','renren',0,NULL,1,'2019-04-29 21:30:00'),
(63,1,'testTask','renren',0,NULL,1,'2019-04-29 22:00:00'),
(64,2,'testTask','renren',0,NULL,0,'2019-04-29 22:00:00'),
(65,3,'testTask','renren',0,NULL,1,'2019-04-29 22:00:00'),
(66,2,'testTask','renren',0,NULL,1,'2019-04-29 22:30:00'),
(67,1,'testTask','renren',0,NULL,1,'2019-04-29 22:30:00'),
(68,3,'testTask','renren',0,NULL,1,'2019-04-29 22:30:00'),
(69,2,'testTask','renren',0,NULL,0,'2019-04-29 23:00:00'),
(70,1,'testTask','renren',0,NULL,0,'2019-04-29 23:00:00'),
(71,3,'testTask','renren',0,NULL,0,'2019-04-29 23:00:00'),
(72,1,'testTask','renren',0,NULL,1,'2019-04-29 23:30:00'),
(73,2,'testTask','renren',0,NULL,0,'2019-04-29 23:30:00'),
(74,3,'testTask','renren',0,NULL,0,'2019-04-29 23:30:00'),
(75,3,'testTask','renren',0,NULL,1,'2019-04-30 00:00:00'),
(76,2,'testTask','renren',0,NULL,2,'2019-04-30 00:00:00'),
(77,1,'testTask','renren',0,NULL,7,'2019-04-30 00:00:00'),
(78,2,'testTask','renren',0,NULL,1,'2019-04-30 20:00:00'),
(79,3,'testTask','renren',0,NULL,0,'2019-04-30 20:00:00'),
(80,1,'testTask','renren',0,NULL,2,'2019-04-30 20:00:00'),
(81,1,'testTask','renren',0,NULL,2,'2019-04-30 20:30:00'),
(82,2,'testTask','renren',0,NULL,0,'2019-04-30 20:30:00'),
(83,3,'testTask','renren',0,NULL,2,'2019-04-30 20:30:00'),
(84,1,'testTask','renren',0,NULL,1,'2019-04-30 21:00:00'),
(85,2,'testTask','renren',0,NULL,0,'2019-04-30 21:00:00'),
(86,3,'testTask','renren',0,NULL,1,'2019-04-30 21:00:00'),
(87,1,'testTask','renren',0,NULL,3,'2019-04-30 21:30:00'),
(88,2,'testTask','renren',0,NULL,2,'2019-04-30 21:30:00'),
(89,3,'testTask','renren',0,NULL,1,'2019-04-30 21:30:00'),
(90,1,'testTask','renren',0,NULL,2,'2019-05-01 09:30:00'),
(91,2,'testTask','renren',0,NULL,2,'2019-05-01 09:30:00'),
(92,3,'testTask','renren',0,NULL,1,'2019-05-01 09:30:00'),
(93,2,'testTask','renren',0,NULL,1,'2019-05-01 10:00:00'),
(94,1,'testTask','renren',0,NULL,2,'2019-05-01 10:00:00'),
(95,3,'testTask','renren',0,NULL,0,'2019-05-01 10:00:00'),
(96,2,'testTask','renren',0,NULL,0,'2019-05-01 10:30:00'),
(97,1,'testTask','renren',0,NULL,1,'2019-05-01 10:30:00'),
(98,3,'testTask','renren',0,NULL,0,'2019-05-01 10:30:00'),
(99,1,'testTask','renren',0,NULL,2,'2019-05-01 11:00:00'),
(100,2,'testTask','renren',0,NULL,1,'2019-05-01 11:00:00'),
(101,3,'testTask','renren',0,NULL,0,'2019-05-01 11:00:00'),
(102,1,'testTask','renren',0,NULL,2,'2019-05-01 11:30:00'),
(103,2,'testTask','renren',0,NULL,0,'2019-05-01 11:30:00'),
(104,3,'testTask','renren',0,NULL,0,'2019-05-01 11:30:00'),
(105,3,'testTask','renren',0,NULL,1,'2019-05-01 12:00:00'),
(106,2,'testTask','renren',0,NULL,1,'2019-05-01 12:00:00'),
(107,1,'testTask','renren',0,NULL,2,'2019-05-01 12:00:00'),
(108,1,'testTask','renren',0,NULL,7,'2019-05-01 12:30:00'),
(109,2,'testTask','renren',0,NULL,0,'2019-05-01 12:30:00'),
(110,3,'testTask','renren',0,NULL,1,'2019-05-01 12:30:00'),
(111,1,'testTask','renren',0,NULL,1,'2019-05-01 13:00:00'),
(112,2,'testTask','renren',0,NULL,1,'2019-05-01 13:00:00'),
(113,3,'testTask','renren',0,NULL,0,'2019-05-01 13:00:00'),
(114,1,'testTask','renren',0,NULL,2,'2019-05-01 13:30:00'),
(115,2,'testTask','renren',0,NULL,0,'2019-05-01 13:30:00'),
(116,3,'testTask','renren',0,NULL,0,'2019-05-01 13:30:00'),
(117,2,'testTask','renren',0,NULL,0,'2019-05-01 14:00:00'),
(118,1,'testTask','renren',0,NULL,1,'2019-05-01 14:00:00'),
(119,3,'testTask','renren',0,NULL,0,'2019-05-01 14:00:00'),
(120,2,'testTask','renren',0,NULL,1,'2019-05-01 14:30:00'),
(121,1,'testTask','renren',0,NULL,1,'2019-05-01 14:30:00'),
(122,3,'testTask','renren',0,NULL,0,'2019-05-01 14:30:00'),
(123,1,'testTask','renren',0,NULL,1,'2019-05-01 15:00:00'),
(124,2,'testTask','renren',0,NULL,1,'2019-05-01 15:00:00'),
(125,3,'testTask','renren',0,NULL,0,'2019-05-01 15:00:00'),
(126,1,'testTask','renren',0,NULL,1,'2019-05-01 15:30:00'),
(127,2,'testTask','renren',0,NULL,0,'2019-05-01 15:30:00'),
(128,3,'testTask','renren',0,NULL,0,'2019-05-01 15:30:00'),
(129,2,'testTask','renren',0,NULL,0,'2019-05-01 16:00:00'),
(130,1,'testTask','renren',0,NULL,1,'2019-05-01 16:00:00'),
(131,3,'testTask','renren',0,NULL,0,'2019-05-01 16:00:00'),
(132,1,'testTask','renren',0,NULL,1,'2019-05-01 16:30:00'),
(133,2,'testTask','renren',0,NULL,0,'2019-05-01 16:30:00'),
(134,3,'testTask','renren',0,NULL,1,'2019-05-01 16:30:00'),
(135,1,'testTask','renren',0,NULL,1,'2019-05-01 17:00:00'),
(136,2,'testTask','renren',0,NULL,0,'2019-05-01 17:00:00'),
(137,3,'testTask','renren',0,NULL,1,'2019-05-01 17:00:00');

/*Table structure for table `sport_area` */

DROP TABLE IF EXISTS `sport_area`;

CREATE TABLE `sport_area` (
  `id` int(11) NOT NULL AUTO_INCREMENT COMMENT 'ID',
  `parent_id` int(11) DEFAULT NULL COMMENT 'çˆ¶çº§ID',
  `area_name` varchar(32) DEFAULT NULL COMMENT 'åŒºåŸŸ',
  `level` int(11) DEFAULT NULL COMMENT 'çº§åˆ« 1ï¼šçœ 2ï¼šå¸‚',
  `create_time` datetime DEFAULT NULL COMMENT 'åˆ›å»ºæ—¶é—´',
  `update_time` timestamp NOT NULL DEFAULT CURRENT_TIMESTAMP ON UPDATE CURRENT_TIMESTAMP COMMENT 'æ›´æ–°æ—¶é—´',
  PRIMARY KEY (`id`)
) ENGINE=InnoDB AUTO_INCREMENT=2 DEFAULT CHARSET=utf8;

/*Data for the table `sport_area` */

insert  into `sport_area`(`id`,`parent_id`,`area_name`,`level`,`create_time`,`update_time`) values 
(1,0,'åŒ—äº¬å¸‚',1,'2019-05-01 12:20:04','2019-05-01 12:20:08');

/*Table structure for table `sport_bmi_config` */

DROP TABLE IF EXISTS `sport_bmi_config`;

CREATE TABLE `sport_bmi_config` (
  `id` int(11) NOT NULL AUTO_INCREMENT COMMENT 'ä¸»é”®',
  `norm_weight_range` varchar(256) DEFAULT NULL COMMENT 'æ ‡å‡†èŒƒå›´',
  `low_weight_range` varchar(256) DEFAULT NULL COMMENT 'ä½é‡èŒƒå›´',
  `over_weight_range` varchar(256) DEFAULT NULL COMMENT 'è¶…é‡èŒƒå›´',
  `fat_weight_range` varchar(256) DEFAULT NULL COMMENT 'è‚¥èƒ–èŒƒå›´',
  `min_age` int(11) DEFAULT NULL COMMENT 'å¹´é¾„æ®µ',
  `max_age` int(11) DEFAULT NULL COMMENT 'å¹´é¾„æ®µ',
  `gender` int(4) DEFAULT NULL COMMENT 'æ€§åˆ«1ï¼šç”· 2ï¼šå¥³',
  `remark` varchar(256) DEFAULT NULL COMMENT 'å¤‡æ³¨',
  `create_time` datetime DEFAULT NULL COMMENT 'åˆ›å»ºæ—¶é—´',
  `update_time` timestamp NOT NULL DEFAULT CURRENT_TIMESTAMP ON UPDATE CURRENT_TIMESTAMP COMMENT 'ä¿®æ”¹æ—¶é—´',
  PRIMARY KEY (`id`)
) ENGINE=InnoDB AUTO_INCREMENT=19 DEFAULT CHARSET=utf8 COMMENT='å¹´é¾„æ®µä½“é‡æ ‡å‡†';

/*Data for the table `sport_bmi_config` */

insert  into `sport_bmi_config`(`id`,`norm_weight_range`,`low_weight_range`,`over_weight_range`,`fat_weight_range`,`min_age`,`max_age`,`gender`,`remark`,`create_time`,`update_time`) values 
(1,'15.57-20.29','14.52','20.30-21.12','21.13',3,4,1,NULL,NULL,'2019-04-25 19:34:25'),
(2,'15.42-18.65','14.79','18.66-21.98','21.99',3,4,2,NULL,NULL,'2019-04-25 19:34:25'),
(3,'15.57-20.29','14.52','20.30-21.12','21.13',4,5,1,NULL,NULL,'2019-04-25 19:34:25'),
(4,'15.42-18.65','14.79','18.66-21.98','21.99',4,5,2,NULL,NULL,'2019-04-25 19:34:25'),
(5,'15.57-20.29','14.52','20.30-21.12','21.13',5,6,1,NULL,NULL,'2019-04-25 19:34:25'),
(6,'15.42-18.65','14.79','18.66-21.98','21.99',5,6,2,NULL,NULL,'2019-04-25 19:34:25'),
(7,'15.57-20.29','14.52','20.30-21.12','21.13',6,7,1,NULL,NULL,'2019-04-25 19:34:25'),
(8,'15.42-18.65','14.79','18.66-21.98','21.99',6,7,2,NULL,NULL,'2019-04-25 19:34:25'),
(9,'13.5-18.1','13.4','18.2-20.3','20.4',7,8,1,NULL,NULL,'2019-04-25 19:34:25'),
(10,'13.3-17.3','13.2','17.4-19.2','19.3',7,8,2,NULL,NULL,'2019-04-25 19:34:25'),
(11,'13.7-18.4','13.6','18.5-20.4','20.5',8,9,1,NULL,NULL,'2019-04-25 19:34:25'),
(12,'13.5-17.8','13.4','17.9-20.2','20.3',8,9,2,NULL,NULL,'2019-04-25 19:34:25'),
(13,'13.9-19.4','13.8','19.5-22.1','22.2',9,10,1,NULL,NULL,'2019-04-25 19:34:25'),
(14,'13.6-18.6','13.5','18.7-21.1','21.2',9,10,2,NULL,NULL,'2019-04-25 19:34:25'),
(15,'14.2-20.1','14.1','20.2-22.6','22.7',10,11,1,NULL,NULL,'2019-04-25 19:36:33'),
(16,'13.7-19.4','13.6','19.5-22.0','22.1',11,12,2,NULL,NULL,'2019-04-25 19:36:33'),
(17,'14.4-21.4','14.3','21.5-24.1','24.2',12,13,1,NULL,NULL,'2019-04-25 19:36:33'),
(18,'13.8-20.5','13.7','20.6-22.9','23.0',13,14,2,NULL,NULL,'2019-04-25 19:36:33');

/*Table structure for table `sport_bmi_grade` */

DROP TABLE IF EXISTS `sport_bmi_grade`;

CREATE TABLE `sport_bmi_grade` (
  `id` int(11) NOT NULL AUTO_INCREMENT COMMENT 'ä¸»é”®',
  `student_id` int(11) DEFAULT NULL COMMENT 'å­¦å·',
  `age` int(4) DEFAULT NULL COMMENT 'å¹´é¾„',
  `age_range` varchar(16) DEFAULT NULL COMMENT 'å¹´é¾„æ®µ',
  `teacher_name` varchar(16) DEFAULT NULL COMMENT 'æµ‹è¯•å‘˜',
  `height` decimal(8,2) DEFAULT NULL COMMENT 'èº«é«˜/cm',
  `weight` decimal(8,2) DEFAULT NULL COMMENT 'ä½“é‡/kg',
  `check_time` datetime DEFAULT NULL COMMENT 'æ£€æµ‹æ—¶é—´',
  `score` varchar(32) DEFAULT NULL COMMENT 'ç»¼åˆè¯„åˆ†',
  `suggestion` varchar(256) DEFAULT NULL COMMENT 'è¯„æµ‹å»ºè®®',
  `remark` varchar(256) DEFAULT NULL COMMENT 'å¤‡æ³¨',
  `create_time` datetime DEFAULT NULL COMMENT 'åˆ›å»ºæ—¶é—´',
  `update_time` timestamp NOT NULL DEFAULT CURRENT_TIMESTAMP ON UPDATE CURRENT_TIMESTAMP COMMENT 'ä¿®æ”¹æ—¶é—´',
  PRIMARY KEY (`id`)
) ENGINE=InnoDB AUTO_INCREMENT=4 DEFAULT CHARSET=utf8 COMMENT='BMIæˆç»©è¡¨';

/*Data for the table `sport_bmi_grade` */

insert  into `sport_bmi_grade`(`id`,`student_id`,`age`,`age_range`,`teacher_name`,`height`,`weight`,`check_time`,`score`,`suggestion`,`remark`,`create_time`,`update_time`) values 
(1,1,4,'3-5','test',180.00,70.00,'2019-04-29 00:00:00','10','ä½ è¿™ä¸€é¡¹çš„æˆç»©ä¸€èˆ¬ï¼Œè¯¾å ‚ä¸Šå¤šç»ƒä¹ å¿«é€Ÿååº”èƒ½åŠ›ï¼Œå˜å‘è·‘ï¼Œè¿ç»­è·³æ æ¶ç­‰ï¼Œæå‡ä¸‹è‚¢åŠ›é‡å’ŒåŠ¨ä½œé¢‘ç‡\r\n',NULL,'2019-04-29 22:47:11','2019-05-01 15:16:26'),
(2,1,4,'3-5','test',180.00,70.00,'2019-04-29 00:00:00','5','ä½ è¿™ä¸€é¡¹çš„æˆç»©ä¸€èˆ¬ï¼Œè¯¾å ‚ä¸Šå¤šç»ƒä¹ å¿«é€Ÿååº”èƒ½åŠ›ï¼Œå˜å‘è·‘ï¼Œè¿ç»­è·³æ æ¶ç­‰ï¼Œæå‡ä¸‹è‚¢åŠ›é‡å’ŒåŠ¨ä½œé¢‘ç‡\r\n',NULL,'2019-04-29 22:50:20','2019-05-01 15:16:28'),
(3,1,4,'3-5','test',180.00,70.00,'2019-04-29 23:31:19','5','ä½ è¿™ä¸€é¡¹çš„æˆç»©ä¸€èˆ¬ï¼Œè¯¾å ‚ä¸Šå¤šç»ƒä¹ å¿«é€Ÿååº”èƒ½åŠ›ï¼Œå˜å‘è·‘ï¼Œè¿ç»­è·³æ æ¶ç­‰ï¼Œæå‡ä¸‹è‚¢åŠ›é‡å’ŒåŠ¨ä½œé¢‘ç‡\r\n',NULL,'2019-04-29 23:31:22','2019-05-01 15:16:33');

/*Table structure for table `sport_project` */

DROP TABLE IF EXISTS `sport_project`;

CREATE TABLE `sport_project` (
  `id` int(11) NOT NULL AUTO_INCREMENT COMMENT 'ä¸»é”®',
  `project_type` varchar(256) DEFAULT NULL COMMENT 'é¡¹ç›®ç±»å‹',
  `project_code` varchar(32) DEFAULT NULL COMMENT 'é¡¹ç›®ç¼–ç ',
  `project_name` varchar(48) DEFAULT NULL COMMENT 'é¡¹ç›®åç§°',
  `min_age` int(11) DEFAULT NULL COMMENT 'æœ€å°å¹´é¾„',
  `max_age` int(11) DEFAULT NULL COMMENT 'æœ€å¤§å¹´é¾„',
  `remark` varchar(256) DEFAULT NULL COMMENT 'å¤‡æ³¨',
  `create_time` datetime DEFAULT NULL COMMENT 'åˆ›å»ºæ—¶é—´',
  `update_time` timestamp NOT NULL DEFAULT CURRENT_TIMESTAMP ON UPDATE CURRENT_TIMESTAMP COMMENT 'ä¿®æ”¹æ—¶é—´',
  PRIMARY KEY (`id`)
) ENGINE=InnoDB AUTO_INCREMENT=11 DEFAULT CHARSET=utf8 COMMENT='é¡¹ç›®';

/*Data for the table `sport_project` */

insert  into `sport_project`(`id`,`project_type`,`project_code`,`project_name`,`min_age`,`max_age`,`remark`,`create_time`,`update_time`) values 
(1,'é€Ÿåº¦','speed','10ç±³æŠ˜è¿”è·‘\nï¼ˆç§’ï¼‰',3,5,NULL,NULL,'2019-04-27 00:39:42'),
(2,'ä¸‹è‚¢çˆ†å‘','low_strength','ç«‹å®šè·³è¿œ\nï¼ˆå˜ç±³ï¼‰',3,12,NULL,NULL,'2019-04-27 00:39:50'),
(3,'ä¸Šè‚¢åŠ›é‡','upper_strength','ç½‘çƒæŠ•è¿œ\nï¼ˆç±³ï¼‰',3,8,NULL,NULL,'2019-04-27 00:39:54'),
(4,'æŸ”éŸ§','flexibility','åä½ä½“å‰å±ˆ\nï¼ˆå˜ç±³ï¼‰',3,12,NULL,NULL,'2019-04-27 00:40:02'),
(5,'çµæ•','sensitive','èµ°å¹³è¡¡æœ¨\nï¼ˆç§’ï¼‰',3,5,NULL,NULL,'2019-04-29 21:23:17'),
(6,'å¿ƒè‚ºè€åŠ›','cardiopulmonary','1minè·³ç»³ï¼ˆæ¬¡ï¼‰',6,12,NULL,NULL,'2019-04-27 00:40:09'),
(7,'æ ¸å¿ƒåŠ›é‡','core_strength','ä»°å§èµ·åï¼ˆæ¬¡ï¼‰',9,12,NULL,NULL,'2019-04-27 00:40:12'),
(8,'ä¸Šè‚¢åŠ›é‡','upper_strength','å‰æ¨å®å¿ƒçƒ\nï¼ˆç±³)',6,12,NULL,NULL,'2019-04-27 00:40:23'),
(9,'é€Ÿåº¦','speed','25ç±³æŠ˜è¿”è·‘\nï¼ˆç§’ï¼‰',6,12,NULL,NULL,'2019-04-27 00:40:42'),
(10,'tgmd3_check','tgmd3_check','25ç±³æŠ˜è¿”è·‘\nï¼ˆç§’ï¼‰',6,12,NULL,NULL,'2019-04-27 00:40:58');

/*Table structure for table `sport_project_config` */

DROP TABLE IF EXISTS `sport_project_config`;

CREATE TABLE `sport_project_config` (
  `id` int(11) NOT NULL AUTO_INCREMENT COMMENT 'ä¸»é”®',
  `train_goal` varchar(256) DEFAULT NULL COMMENT 'è®­ç»ƒç›®æ ‡',
  `project_id` int(11) DEFAULT NULL COMMENT 'é¡¹ç›®ID',
  `project_name` varchar(48) DEFAULT NULL COMMENT 'è®­ç»ƒé¡¹ç›®',
  `min_score` decimal(16,2) DEFAULT NULL COMMENT 'åˆ†å€¼èŒƒå›´æœ€ä½å€¼',
  `max_score` decimal(16,2) DEFAULT NULL COMMENT 'åˆ†å€¼èŒƒå›´æœ€é«˜å€¼',
  `score_level` decimal(16,0) DEFAULT NULL COMMENT 'ç»¼åˆè¯„åˆ†çº§åˆ«',
  `min_age` int(8) DEFAULT NULL COMMENT 'å¹´é¾„æ®µå°ç«¯',
  `max_age` int(8) DEFAULT NULL COMMENT 'å¹´é¾„æ®µå¤§ç«¯',
  `gender` int(4) DEFAULT NULL COMMENT 'æ€§åˆ«',
  `remark` varchar(256) DEFAULT NULL COMMENT 'å¤‡æ³¨',
  `create_time` datetime DEFAULT NULL COMMENT 'åˆ›å»ºæ—¶é—´',
  `update_time` timestamp NOT NULL DEFAULT CURRENT_TIMESTAMP ON UPDATE CURRENT_TIMESTAMP COMMENT 'ä¿®æ”¹æ—¶é—´',
  PRIMARY KEY (`id`)
) ENGINE=InnoDB AUTO_INCREMENT=13 DEFAULT CHARSET=utf8 COMMENT='è®­ç»ƒé¡¹ç›®';

/*Data for the table `sport_project_config` */

insert  into `sport_project_config`(`id`,`train_goal`,`project_id`,`project_name`,`min_score`,`max_score`,`score_level`,`min_age`,`max_age`,`gender`,`remark`,`create_time`,`update_time`) values 
(1,'é€Ÿåº¦',1,'10ç±³æŠ˜è¿”è·‘',0.00,8.00,5,3,5,1,NULL,NULL,'2019-04-26 10:59:51'),
(2,'é€Ÿåº¦',1,'10ç±³æŠ˜è¿”è·‘',8.00,9.00,4,3,5,1,NULL,NULL,'2019-04-26 10:59:52'),
(3,'é€Ÿåº¦',1,'10ç±³æŠ˜è¿”è·‘',9.10,10.20,3,3,5,1,NULL,NULL,'2019-04-26 10:59:56'),
(4,'é€Ÿåº¦',1,'10ç±³æŠ˜è¿”è·‘',10.30,12.80,2,3,5,1,NULL,NULL,'2019-04-26 10:59:57'),
(5,'é€Ÿåº¦',1,'10ç±³æŠ˜è¿”è·‘',12.90,15.80,1,3,5,1,NULL,NULL,'2019-04-26 10:59:59'),
(6,'é€Ÿåº¦',1,'10ç±³æŠ˜è¿”è·‘',15.90,99.00,0,3,5,1,NULL,NULL,'2019-04-26 11:00:24'),
(7,'ä¸‹è‚¢çˆ†å‘',2,'ç«‹å®šè·³è¿œ',76.00,760.00,5,3,5,1,NULL,NULL,'2019-04-26 23:50:54'),
(8,'ä¸‹è‚¢çˆ†å‘',2,'ç«‹å®šè·³è¿œ',59.00,76.00,4,3,5,1,NULL,NULL,'2019-04-26 23:50:55'),
(9,'ä¸‹è‚¢çˆ†å‘',2,'ç«‹å®šè·³è¿œ',43.00,58.00,3,3,5,1,NULL,NULL,'2019-04-26 23:50:56'),
(10,'ä¸‹è‚¢çˆ†å‘',2,'ç«‹å®šè·³è¿œ',30.00,42.00,2,3,5,1,NULL,NULL,'2019-04-26 23:50:57'),
(11,'ä¸‹è‚¢çˆ†å‘',2,'ç«‹å®šè·³è¿œ',21.00,29.00,1,3,5,1,NULL,NULL,'2019-04-26 23:50:58'),
(12,'ä¸‹è‚¢çˆ†å‘',2,'ç«‹å®šè·³è¿œ',0.00,20.00,0,3,5,1,NULL,NULL,'2019-04-26 23:50:59');

/*Table structure for table `sport_project_grade` */

DROP TABLE IF EXISTS `sport_project_grade`;

CREATE TABLE `sport_project_grade` (
  `id` int(11) NOT NULL AUTO_INCREMENT COMMENT 'ä¸»é”®',
  `student_id` int(11) DEFAULT NULL COMMENT 'å­¦åŸID',
  `stu_grade_id` int(11) DEFAULT NULL COMMENT 'å­¦ç”Ÿæˆç»©ID',
  `age` int(11) DEFAULT NULL COMMENT 'å¹´é¾„',
  `age_range` varchar(16) DEFAULT NULL COMMENT 'å¹´é¾„æ®µ',
  `teacher_name` varchar(16) DEFAULT NULL COMMENT 'æµ‹è¯•å‘˜',
  `project_id` int(8) DEFAULT NULL COMMENT 'é¡¹ç›®ID',
  `project_grade` decimal(8,2) DEFAULT NULL COMMENT 'é¡¹ç›®æµ‹è¯•æˆç»©',
  `check_time` datetime DEFAULT NULL COMMENT 'æ£€æµ‹æ—¶é—´',
  `score` int(4) DEFAULT NULL COMMENT 'ç»¼åˆè¯„åˆ†',
  `suggestion` varchar(256) DEFAULT NULL COMMENT 'è¯„æµ‹å»ºè®®',
  `remark` varchar(256) DEFAULT NULL COMMENT 'å¤‡æ³¨',
  `create_time` datetime DEFAULT NULL COMMENT 'åˆ›å»ºæ—¶é—´',
  `update_time` timestamp NOT NULL DEFAULT CURRENT_TIMESTAMP ON UPDATE CURRENT_TIMESTAMP COMMENT 'ä¿®æ”¹æ—¶é—´',
  PRIMARY KEY (`id`)
) ENGINE=InnoDB AUTO_INCREMENT=12 DEFAULT CHARSET=utf8 COMMENT='é¡¹ç›®æˆç»©è¡¨';

/*Data for the table `sport_project_grade` */

insert  into `sport_project_grade`(`id`,`student_id`,`stu_grade_id`,`age`,`age_range`,`teacher_name`,`project_id`,`project_grade`,`check_time`,`score`,`suggestion`,`remark`,`create_time`,`update_time`) values 
(2,1,1,4,'3-5','test',1,15.00,'2019-04-29 00:00:00',1,'ä½ è¿™ä¸€é¡¹çš„æˆç»©è¾ƒå·®ï¼Œè¯¾å ‚ä¸Šå¤šç»ƒä¹ æ·±è¹²ï¼Œè¿ç»­è·³è·ƒï¼Œå°æ­¥è·‘ï¼Œé«˜æŠ¬è…¿è·‘ç­‰ï¼Œæå‡ä¸‹è‚¢åŠ›é‡å’ŒåŠ¨ä½œé¢‘ç‡',NULL,'2019-04-29 22:50:20','2019-05-01 11:38:56'),
(3,1,1,4,'3-5','test',2,321.00,'2019-04-29 00:00:00',5,'ä½ è¿™ä¸€é¡¹æˆç»©è¾¾åˆ°æ»¡åˆ†ï¼è¯·ä¿æŒå‡ºå‹¤è®©æˆç»©å˜å¾—æ›´åŠ ä¼˜ç§€\r\n',NULL,'2019-04-29 22:50:20','2019-05-01 11:38:57'),
(4,1,1,4,'3-5','test',3,12.00,'2019-04-29 00:00:00',2,'ä½ è¿™ä¸€é¡¹çš„æˆç»©è¾ƒå·®ï¼Œè¯¾å ‚ä¸Šå¤šç»ƒä¹ æ·±è¹²ï¼Œè¿ç»­è·³è·ƒï¼Œå°æ­¥è·‘ï¼Œé«˜æŠ¬è…¿è·‘ç­‰ï¼Œæå‡ä¸‹è‚¢åŠ›é‡å’ŒåŠ¨ä½œé¢‘ç‡',NULL,'2019-04-29 22:50:20','2019-05-01 11:38:58'),
(5,1,1,4,'3-5','test',4,32.00,'2019-04-29 00:00:00',0,'ä½ è¿™ä¸€é¡¹çš„æˆç»©è¾ƒå·®ï¼Œè¯¾å ‚ä¸Šå¤šç»ƒä¹ æ·±è¹²ï¼Œè¿ç»­è·³è·ƒï¼Œå°æ­¥è·‘ï¼Œé«˜æŠ¬è…¿è·‘ç­‰ï¼Œæå‡ä¸‹è‚¢åŠ›é‡å’ŒåŠ¨ä½œé¢‘ç‡',NULL,'2019-04-29 22:50:20','2019-05-01 11:38:59'),
(6,1,1,4,'3-5','test',5,10.00,'2019-04-29 00:00:00',3,'ä½ è¿™ä¸€é¡¹çš„æˆç»©ä¸€èˆ¬ï¼Œè¯¾å ‚ä¸Šå¤šç»ƒä¹ å¿«é€Ÿååº”èƒ½åŠ›ï¼Œå˜å‘è·‘ï¼Œè¿ç»­è·³æ æ¶ç­‰ï¼Œæå‡ä¸‹è‚¢åŠ›é‡å’ŒåŠ¨ä½œé¢‘ç‡\r\n',NULL,'2019-04-29 22:50:20','2019-05-01 11:39:00'),
(7,1,2,4,'3-5','test',1,12.00,'2019-04-29 23:31:19',2,'ä½ è¿™ä¸€é¡¹çš„æˆç»©è¾ƒå·®ï¼Œè¯¾å ‚ä¸Šå¤šç»ƒä¹ æ·±è¹²ï¼Œè¿ç»­è·³è·ƒï¼Œå°æ­¥è·‘ï¼Œé«˜æŠ¬è…¿è·‘ç­‰ï¼Œæå‡ä¸‹è‚¢åŠ›é‡å’ŒåŠ¨ä½œé¢‘ç‡',NULL,'2019-04-29 23:31:37','2019-05-01 11:39:15'),
(8,1,2,4,'3-5','test',2,322.00,'2019-04-29 23:31:19',5,'ä½ è¿™ä¸€é¡¹æˆç»©è¾¾åˆ°æ»¡åˆ†ï¼è¯·ä¿æŒå‡ºå‹¤è®©æˆç»©å˜å¾—æ›´åŠ ä¼˜ç§€\r\n',NULL,'2019-04-29 23:31:37','2019-05-01 11:39:16'),
(9,1,2,4,'3-5','test',3,12.00,'2019-04-29 23:31:19',2,'ä½ è¿™ä¸€é¡¹çš„æˆç»©è¾ƒå·®ï¼Œè¯¾å ‚ä¸Šå¤šç»ƒä¹ æ·±è¹²ï¼Œè¿ç»­è·³è·ƒï¼Œå°æ­¥è·‘ï¼Œé«˜æŠ¬è…¿è·‘ç­‰ï¼Œæå‡ä¸‹è‚¢åŠ›é‡å’ŒåŠ¨ä½œé¢‘ç‡',NULL,'2019-04-29 23:31:37','2019-05-01 11:39:17'),
(10,1,2,4,'3-5','test',4,32.00,'2019-04-29 23:31:19',0,'ä½ è¿™ä¸€é¡¹çš„æˆç»©è¾ƒå·®ï¼Œè¯¾å ‚ä¸Šå¤šç»ƒä¹ æ·±è¹²ï¼Œè¿ç»­è·³è·ƒï¼Œå°æ­¥è·‘ï¼Œé«˜æŠ¬è…¿è·‘ç­‰ï¼Œæå‡ä¸‹è‚¢åŠ›é‡å’ŒåŠ¨ä½œé¢‘ç‡',NULL,'2019-04-29 23:31:37','2019-05-01 11:39:18'),
(11,1,2,4,'3-5','test',5,10.00,'2019-04-29 23:31:19',3,'ä½ è¿™ä¸€é¡¹çš„æˆç»©ä¸€èˆ¬ï¼Œè¯¾å ‚ä¸Šå¤šç»ƒä¹ å¿«é€Ÿååº”èƒ½åŠ›ï¼Œå˜å‘è·‘ï¼Œè¿ç»­è·³æ æ¶ç­‰ï¼Œæå‡ä¸‹è‚¢åŠ›é‡å’ŒåŠ¨ä½œé¢‘ç‡\r\n',NULL,'2019-04-29 23:31:37','2019-05-01 11:39:35');

/*Table structure for table `sport_school` */

DROP TABLE IF EXISTS `sport_school`;

CREATE TABLE `sport_school` (
  `id` int(11) NOT NULL AUTO_INCREMENT COMMENT 'ID',
  `parent_id` int(11) DEFAULT NULL COMMENT 'ä¸Šçº§å°åŒº',
  `school_name` varchar(32) DEFAULT NULL COMMENT 'å­¦æ ¡åç§°',
  `school_code` varchar(32) NOT NULL COMMENT 'å­¦æ ¡ç¼–ç ',
  `province` varchar(32) DEFAULT NULL COMMENT 'å­¦æ ¡æ‰€åœ¨çœ',
  `city` varchar(32) DEFAULT NULL COMMENT 'å­¦æ ¡æ‰€åœ¨å¸‚',
  `address` varchar(256) DEFAULT NULL COMMENT 'å­¦æ ¡è¯¦ç»†åœ°å€',
  `remark` varchar(256) DEFAULT NULL COMMENT 'å¤‡æ³¨',
  `create_time` datetime DEFAULT NULL COMMENT 'åˆ›å»ºæ—¶é—´',
  `update_time` timestamp NOT NULL DEFAULT CURRENT_TIMESTAMP ON UPDATE CURRENT_TIMESTAMP COMMENT 'æ›´æ–°æ—¶é—´',
  PRIMARY KEY (`id`)
) ENGINE=InnoDB AUTO_INCREMENT=2 DEFAULT CHARSET=utf8;

/*Data for the table `sport_school` */

insert  into `sport_school`(`id`,`parent_id`,`school_name`,`school_code`,`province`,`city`,`address`,`remark`,`create_time`,`update_time`) values 
(1,0,'æœ›äº¬åˆ†æ ¡','1000001','åŒ—äº¬','åŒ—äº¬','åŒ—äº¬å¸‚æœé˜³åŒº',NULL,'2019-05-01 14:50:39','2019-05-01 14:50:43');

/*Table structure for table `sport_score_suggestion` */

DROP TABLE IF EXISTS `sport_score_suggestion`;

CREATE TABLE `sport_score_suggestion` (
  `id` int(11) NOT NULL AUTO_INCREMENT COMMENT 'ä¸»é”®',
  `train_project_id` int(11) DEFAULT NULL COMMENT 'é¡¹ç›®ID',
  `min_score` decimal(16,2) DEFAULT NULL COMMENT 'è¯„åˆ†èŒƒå›´',
  `max_score` decimal(16,2) DEFAULT NULL,
  `suggestion` varchar(256) DEFAULT NULL COMMENT 'å»ºè®®',
  `gender` int(4) DEFAULT NULL COMMENT 'æ€§åˆ«1ï¼šç”· 2ï¼šå¥³',
  `remark` varchar(256) DEFAULT NULL COMMENT 'å¤‡æ³¨',
  `create_time` datetime DEFAULT NULL COMMENT 'åˆ›å»ºæ—¶é—´',
  `update_time` timestamp NOT NULL DEFAULT CURRENT_TIMESTAMP ON UPDATE CURRENT_TIMESTAMP COMMENT 'ä¿®æ”¹æ—¶é—´',
  PRIMARY KEY (`id`)
) ENGINE=InnoDB AUTO_INCREMENT=17 DEFAULT CHARSET=utf8 COMMENT='è¯„åˆ†å»ºè®®è¡¨';

/*Data for the table `sport_score_suggestion` */

insert  into `sport_score_suggestion`(`id`,`train_project_id`,`min_score`,`max_score`,`suggestion`,`gender`,`remark`,`create_time`,`update_time`) values 
(1,1,0.00,2.00,'ä½ è¿™ä¸€é¡¹çš„æˆç»©è¾ƒå·®ï¼Œè¯¾å ‚ä¸Šå¤šç»ƒä¹ æ·±è¹²ï¼Œè¿ç»­è·³è·ƒï¼Œå°æ­¥è·‘ï¼Œé«˜æŠ¬è…¿è·‘ç­‰ï¼Œæå‡ä¸‹è‚¢åŠ›é‡å’ŒåŠ¨ä½œé¢‘ç‡',NULL,NULL,NULL,'2019-04-24 16:44:38'),
(2,1,3.00,3.00,'ä½ è¿™ä¸€é¡¹çš„æˆç»©ä¸€èˆ¬ï¼Œè¯¾å ‚ä¸Šå¤šç»ƒä¹ å¿«é€Ÿååº”èƒ½åŠ›ï¼Œå˜å‘è·‘ï¼Œè¿ç»­è·³æ æ¶ç­‰ï¼Œæå‡ä¸‹è‚¢åŠ›é‡å’ŒåŠ¨ä½œé¢‘ç‡\r\n',NULL,NULL,NULL,'2019-04-24 16:55:51'),
(3,1,4.00,4.00,'ä½ è¿™ä¸€é¡¹çš„æˆç»©è¾ƒä¸ºè‰¯å¥½ï¼Œè¯¾å ‚ä¸Šå¯ä»¥å¤šç»ƒä¹ æ·±è¹²ã€è·³æ æ¶ã€ç»³æ¢¯åŠ¨ä½œã€æŠ˜è¿”è·‘ç­‰ï¼Œæå‡ä¸‹è‚¢åŠ›é‡å’ŒåŠ¨ä½œé¢‘ç‡',NULL,NULL,NULL,'2019-04-24 16:56:10'),
(4,1,5.00,5.00,'ä½ è¿™ä¸€é¡¹æˆç»©è¾¾åˆ°æ»¡åˆ†ï¼è¯·ä¿æŒå‡ºå‹¤è®©æˆç»©å˜å¾—æ›´åŠ ä¼˜ç§€\r\n',NULL,NULL,NULL,'2019-04-24 16:56:27'),
(5,3,0.00,2.00,'ä½ è¿™ä¸€é¡¹çš„æˆç»©è¾ƒå·®ï¼Œè¯¾å ‚ä¸Šå¤šç»ƒä¹ çŒ«çˆ¬ï¼Œèœ˜è››çˆ¬ï¼ŒèƒèŸ¹çˆ¬ç­‰ï¼Œæå‡ä¸Šè‚¢åŠ›é‡å’Œå…³èŠ‚æ”¯æ’‘',NULL,NULL,NULL,'2019-04-24 16:58:27'),
(6,3,3.00,3.00,'ä½ è¿™ä¸€é¡¹çš„æˆç»©ä¸€èˆ¬ï¼Œè¯¾å ‚ä¸Šå¤šç»ƒä¹ çˆ¬è¡Œç±»åŠ¨ä½œï¼Œå¹³æ¿æ”¯æ’‘ï¼Œå•æ æ‚¬æŒ‚ç­‰ï¼Œæå‡ä¸Šè‚¢åŠ›é‡å’Œå…³èŠ‚æ”¯æ’‘',NULL,NULL,NULL,'2019-04-24 16:58:31'),
(7,3,4.00,4.00,'ä½ è¿™ä¸€é¡¹çš„æˆç»©è¾ƒä¸ºè‰¯å¥½ï¼Œè¯¾å ‚ä¸Šå¤šç»ƒä¹ çˆ¬è¡ŒåŠ¨ä½œæ¨¡å¼ï¼Œä¿¯å§æ’‘ï¼ŒæŠ•æ·ç±»åŠ¨ä½œï¼Œæå‡ä¸Šè‚¢åŠ›é‡å’Œå…³èŠ‚æ”¯æ’‘',NULL,NULL,NULL,'2019-04-24 16:58:35'),
(8,3,5.00,5.00,'ä½ è¿™ä¸€é¡¹æˆç»©è¾¾åˆ°æ»¡åˆ†ï¼è¯·ä¿æŒå‡ºå‹¤è®©æˆç»©å˜å¾—æ›´åŠ ä¼˜ç§€',NULL,NULL,NULL,'2019-04-24 16:58:38'),
(9,5,0.00,2.00,'ä½ è¿™ä¸€é¡¹çš„æˆç»©è¾ƒå·®ï¼Œè¯¾å ‚ä¸Šå¤šç»ƒä¹ å˜å‘è·‘ï¼Œç»³æ¢¯è®­ç»ƒï¼ŒæŠ˜è¿”è·‘ï¼Œç»•æ¡©è·‘ç­‰ï¼Œæå‡èº«ä½“çµæ´»æ€§å’Œå…³èŠ‚ç¨³å®šæ€§',NULL,NULL,NULL,'2019-04-24 16:59:31'),
(10,5,3.00,3.00,'ä½ è¿™ä¸€é¡¹çš„æˆç»©ä¸€èˆ¬ï¼Œè¯¾å ‚ä¸Šå¤šç»ƒä¹ ä¸Šä¸‹è‚¢å…³èŠ‚åŠ›é‡ï¼Œå¿«é€Ÿååº”èƒ½åŠ›ï¼Œæ€¥åœæ€¥èµ·ï¼Œæå‡èº«ä½“çµæ´»æ€§å’Œå…³èŠ‚ç¨³å®šæ€§',NULL,NULL,NULL,'2019-04-24 16:59:34'),
(11,5,4.00,4.00,'ä½ è¿™ä¸€é¡¹çš„æˆç»©è¾ƒä¸ºè‰¯å¥½ï¼Œè¯¾å ‚ä¸Šæ›´åŠ æé«˜ä¸“æ³¨åº¦ï¼Œä¸ä»…ä½¿èº«ä½“æ›´åŠ çµæ´»åŒæ—¶è®©å¤§è„‘ä¹Ÿæé«˜å¿«é€Ÿååº”èƒ½åŠ›',NULL,NULL,NULL,'2019-04-24 16:59:36'),
(12,5,5.00,5.00,'ä½ è¿™ä¸€é¡¹æˆç»©è¾¾åˆ°æ»¡åˆ†ï¼è¯·ä¿æŒå‡ºå‹¤è®©æˆç»©å˜å¾—æ›´åŠ ä¼˜ç§€\r\n',NULL,NULL,NULL,'2019-04-24 16:59:39'),
(13,4,0.00,2.00,'ä½ è¿™ä¸€é¡¹çš„æˆç»©è¾ƒå·®ï¼Œè¯¾å ‚ä¸Šå¤šç»ƒä¹ å¼“ç®­æ­¥èµ°ï¼Œç›´è…¿æ‘¸è„šå°–ç­‰ï¼Œæå‡è‚Œè‚‰å’ŒéŸ§å¸¦çš„ä¼¸å±•æ€§å’Œå¼¹æ€§\r\n',NULL,NULL,NULL,'2019-04-24 17:01:03'),
(14,4,3.00,3.00,'ä½ è¿™ä¸€é¡¹çš„æˆç»©ä¸€èˆ¬ï¼Œè¯¾å ‚ä¸Šå¤šç»ƒä¹ å¼“ç®­æ­¥èµ°ï¼Œåšå¥½è¯¾åæ‹‰ä¼¸æ”¾æ¾ï¼Œæå‡è‚Œè‚‰å’ŒéŸ§å¸¦çš„ä¼¸å±•æ€§å’Œå¼¹æ€§',NULL,NULL,NULL,'2019-04-24 17:01:04'),
(15,4,4.00,4.00,'ä½ è¿™ä¸€é¡¹çš„æˆç»©è¾ƒä¸ºè‰¯å¥½ï¼Œè¯¾å ‚ä¸Šä¿æŒç§¯æçš„è®­ç»ƒï¼Œåœ¨è¯¾åæ‹‰ä¼¸ä¸Šæ›´è®¤çœŸå¯¹å¾…ï¼Œæå‡è‚Œè‚‰å’ŒéŸ§å¸¦çš„ä¼¸å±•æ€§å’Œå¼¹æ€§',NULL,NULL,NULL,'2019-04-24 17:01:04'),
(16,4,5.00,5.00,'ä½ è¿™ä¸€é¡¹æˆç»©è¾¾åˆ°æ»¡åˆ†ï¼è¯·ä¿æŒå‡ºå‹¤è®©æˆç»©å˜å¾—æ›´åŠ ä¼˜ç§€',NULL,NULL,NULL,'2019-04-24 17:01:06');

/*Table structure for table `sport_student` */

DROP TABLE IF EXISTS `sport_student`;

CREATE TABLE `sport_student` (
  `id` int(11) NOT NULL AUTO_INCREMENT COMMENT 'ä¸»é”®',
  `stu_number` varchar(32) DEFAULT NULL COMMENT 'å­¦å·',
  `mobile` varchar(16) DEFAULT NULL COMMENT 'è”ç³»æ–¹å¼',
  `realname` varchar(24) DEFAULT NULL COMMENT 'å­¦ç”Ÿå§“å',
  `gender` int(1) DEFAULT NULL COMMENT 'æ€§åˆ«ï¼š1ï¼šç”· 2ï¼šå¥³',
  `birthday` date DEFAULT NULL COMMENT 'å‡ºç”Ÿæ—¥æœŸ',
  `family_name` varchar(16) DEFAULT NULL COMMENT 'å®¶é•¿å§“å',
  `family_mobile` varchar(16) DEFAULT NULL COMMENT 'å®¶é•¿è”ç³»æ–¹å¼',
  `province` varchar(32) DEFAULT NULL COMMENT 'çœä»½',
  `city` varchar(32) DEFAULT NULL COMMENT 'åŸå¸‚',
  `address` varchar(256) DEFAULT NULL COMMENT 'è¯¦ç»†åœ°å€',
  `school_id` int(11) DEFAULT NULL COMMENT 'æ ¡åŒºID',
  `remark` varchar(64) DEFAULT NULL COMMENT 'å¤‡æ³¨',
  `register_time` datetime DEFAULT NULL COMMENT 'æ³¨å†Œæ—¶é—´/æŠ¥åæ—¶é—´',
  `create_time` datetime DEFAULT NULL COMMENT 'åˆ›å»ºæ—¶é—´',
  `update_time` timestamp NOT NULL DEFAULT CURRENT_TIMESTAMP ON UPDATE CURRENT_TIMESTAMP COMMENT 'ä¿®æ”¹æ—¶é—´',
  PRIMARY KEY (`id`)
) ENGINE=InnoDB AUTO_INCREMENT=3 DEFAULT CHARSET=utf8 COMMENT='å­¦å‘˜ä¿¡æ¯è¡¨';

/*Data for the table `sport_student` */

insert  into `sport_student`(`id`,`stu_number`,`mobile`,`realname`,`gender`,`birthday`,`family_name`,`family_mobile`,`province`,`city`,`address`,`school_id`,`remark`,`register_time`,`create_time`,`update_time`) values 
(1,'10000001','13533455432','test',1,'2015-01-01','aaaaaa','232323131',NULL,NULL,NULL,1,'r','2019-04-24 19:30:28',NULL,'2019-05-01 14:01:20'),
(2,'100002','13520398355','èŸ‘è‚',1,'2019-04-25','test','13520398355',NULL,NULL,NULL,1,'test','2019-04-25 00:00:00',NULL,'2019-05-01 14:01:23');

/*Table structure for table `sport_student_grade` */

DROP TABLE IF EXISTS `sport_student_grade`;

CREATE TABLE `sport_student_grade` (
  `id` int(11) NOT NULL AUTO_INCREMENT COMMENT 'ä¸»é”®',
  `student_id` int(11) DEFAULT NULL COMMENT 'å­¦å·',
  `age` int(11) DEFAULT NULL COMMENT 'å¹´é¾„',
  `age_range` varchar(16) DEFAULT NULL COMMENT 'å¹´é¾„æ®µ',
  `teacher_name` varchar(16) DEFAULT NULL COMMENT 'æµ‹è¯•å‘˜',
  `height` decimal(8,2) DEFAULT NULL COMMENT 'èº«é«˜/cm',
  `weight` decimal(8,2) DEFAULT NULL COMMENT 'ä½“é‡/kg',
  `speed` decimal(8,2) DEFAULT NULL COMMENT 'é€Ÿåº¦ m/s',
  `low_strength` decimal(8,2) DEFAULT NULL COMMENT 'ä¸‹è‚¢åŠ›é‡',
  `upper_strength` decimal(8,2) DEFAULT NULL COMMENT 'ä¸Šè‚¢åŠ›é‡',
  `flexibility` decimal(8,2) DEFAULT NULL COMMENT 'æŸ”éŸ§æ€§',
  `cardiopulmonary` decimal(8,2) DEFAULT NULL COMMENT 'å¿ƒè‚ºèƒ½åŠ›',
  `core_strength` decimal(8,2) DEFAULT NULL COMMENT 'æ ¸å¿ƒåŠ›é‡',
  `tgmd3_check` decimal(8,2) DEFAULT NULL COMMENT 'TGMD-3æµ‹è¯•',
  `sensitivity` decimal(8,2) DEFAULT NULL COMMENT 'çµæ•åº¦',
  `check_time` datetime DEFAULT NULL COMMENT 'æ£€æµ‹æ—¶é—´',
  `score` varchar(32) DEFAULT NULL COMMENT 'ç»¼åˆè¯„åˆ†',
  `train_hours` decimal(8,2) DEFAULT NULL COMMENT 'è®­ç»ƒè¯¾æ—¶',
  `attendance` decimal(8,2) DEFAULT NULL COMMENT 'å‡ºå‹¤ç‡',
  `suggestion` varchar(32) DEFAULT NULL COMMENT 'è¯„æµ‹å»ºè®®',
  `remark` varchar(256) DEFAULT NULL COMMENT 'å¤‡æ³¨',
  `create_time` datetime DEFAULT NULL COMMENT 'åˆ›å»ºæ—¶é—´',
  `update_time` timestamp NOT NULL DEFAULT CURRENT_TIMESTAMP ON UPDATE CURRENT_TIMESTAMP COMMENT 'ä¿®æ”¹æ—¶é—´',
  PRIMARY KEY (`id`)
) ENGINE=InnoDB AUTO_INCREMENT=4 DEFAULT CHARSET=utf8 COMMENT='å­¦å‘˜æˆç»©è¡¨';

/*Data for the table `sport_student_grade` */

insert  into `sport_student_grade`(`id`,`student_id`,`age`,`age_range`,`teacher_name`,`height`,`weight`,`speed`,`low_strength`,`upper_strength`,`flexibility`,`cardiopulmonary`,`core_strength`,`tgmd3_check`,`sensitivity`,`check_time`,`score`,`train_hours`,`attendance`,`suggestion`,`remark`,`create_time`,`update_time`) values 
(1,1,4,'3-5','test',180.00,70.00,15.00,NULL,NULL,32.00,NULL,NULL,NULL,NULL,'2019-04-29 00:00:00',NULL,10.00,60.00,NULL,NULL,'2019-04-29 22:47:13','2019-05-01 13:07:34'),
(2,1,4,'3-5','test',180.00,70.00,15.00,NULL,NULL,32.00,NULL,NULL,NULL,NULL,'2019-04-29 00:00:00',NULL,8.00,50.00,NULL,NULL,'2019-04-29 22:50:24','2019-05-01 13:07:40');

/*Table structure for table `sport_train_goal` */

DROP TABLE IF EXISTS `sport_train_goal`;

CREATE TABLE `sport_train_goal` (
  `id` int(11) NOT NULL AUTO_INCREMENT COMMENT 'ä¸»é”®',
  `train_goal` varchar(256) DEFAULT NULL COMMENT 'è®­ç»ƒç›®æ ‡',
  `min_age` int(11) DEFAULT NULL COMMENT 'å¹´é¾„æ®µ',
  `max_age` int(11) DEFAULT NULL COMMENT 'å¹´é¾„æ®µ',
  `gender` int(4) DEFAULT NULL COMMENT 'æ€§åˆ«',
  `remark` varchar(256) DEFAULT NULL COMMENT 'å¤‡æ³¨',
  `create_time` datetime DEFAULT NULL COMMENT 'åˆ›å»ºæ—¶é—´',
  `update_time` timestamp NOT NULL DEFAULT CURRENT_TIMESTAMP ON UPDATE CURRENT_TIMESTAMP COMMENT 'ä¿®æ”¹æ—¶é—´',
  PRIMARY KEY (`id`)
) ENGINE=InnoDB AUTO_INCREMENT=6 DEFAULT CHARSET=utf8 COMMENT='å¹´é¾„æ®µè®­ç»ƒç›®æ ‡';

/*Data for the table `sport_train_goal` */

insert  into `sport_train_goal`(`id`,`train_goal`,`min_age`,`max_age`,`gender`,`remark`,`create_time`,`update_time`) values 
(1,'è¯¥é˜¶æ®µé€šè¿‡è¶£å‘³æ€§å›¢ä½“è®­ç»ƒç€é‡å‘å±•å­©å­çš„ç¤¾äº¤èƒ½åŠ›å’Œè§„åˆ™æ„è¯†ï¼Œé€šè¿‡ç‰¹æœ‰çš„ä¸»é¢˜æŠ€å·§ç»ƒä¹ ï¼Œé”»ç‚¼å­©å­çš„èº«ä½“ç´ è´¨å’Œå»ºç«‹åŠ¨ä½œæ¨¡å¼ï¼ŒåŒæ—¶å‘å±•å­©å­å¤§è‚Œè‚‰ç¾¤å’Œèº«ä½“æ§åˆ¶èƒ½åŠ›ï¼Œé€šè¿‡æ¨¡ä»¿æƒ…æ™¯çš„æ•™å­¦æ–¹å¼åŸ¹å…»å­©å­çš„ä¸“æ³¨åŠ›ï¼Œä»¥æ—¥åçš„å­¦ä¹ æ‰“ä¸‹åŸºç¡€',3,4,NULL,NULL,NULL,'2019-04-25 19:39:34'),
(2,'è¯¥é˜¶æ®µè¯¾ç¨‹æ³¨é‡é”»ç‚¼å­©å­åœ¨æ´»åŠ¨ä¸­çš„è§„åˆ™æ„è¯†ï¼Œå›¢é˜Ÿåä½œä»¥åŠæ›´å¯Œæœ‰æŒ‘æˆ˜æ€§çš„è¿åŠ¨æŠ€èƒ½ï¼Œè®©å­©å­åœ¨é›†ä½“ç¯å¢ƒä¸­å±•ç°è‡ªæˆ‘ï¼Œè·å¾—è‡ªä¿¡ï¼Œé€šè¿‡æ»šç¿»ã€ç¿»è¶Šç­‰åŸºç¡€ä½“æ“è·‘é…·æŠ€èƒ½å­¦ä¹ ï¼Œæå‡å­©å­åŠ›é‡åè°ƒçµæ•åŸºç¡€ç´ è´¨ã€‚',4,5,NULL,NULL,NULL,'2019-04-25 19:39:36'),
(3,'è¯¥é˜¶æ®µå¼ºè°ƒè¿åŠ¨æŠ€èƒ½å­¦ä¹ å’ŒåŸºç¡€åŠ¨ä½œæ¨¡å¼çš„å®Œå–„ï¼Œé€šè¿‡çƒç±»å’Œèº«ä½“æ§åˆ¶ç±»åŸºç¡€è¿åŠ¨æŠ€èƒ½æå‡å­©å­çš„é€Ÿåº¦ã€çµæ•ã€åŠ›é‡ç­‰ç´ è´¨ï¼Œæ¥è§¦å¤šç§è¿åŠ¨æŠ€èƒ½ã€‚åŸ¹å…»å­©å­ç«äº‰æ„è¯†ï¼Œå›¢é˜Ÿæ„è¯†å’Œè¿åŠ¨è¿‡ç¨‹ä¸­è‡ªæˆ‘ä¿æŠ¤æ„è¯†ã€‚',5,7,NULL,NULL,NULL,'2019-04-25 19:39:46'),
(4,'è¯¥é˜¶æ®µå¼ºè°ƒæŒæ¡å¤šç§è¿åŠ¨æŠ€èƒ½å’Œå®Œå–„åŠ¨ä½œæ¨¡å¼ï¼Œè¯¥å¹´é¾„æ®µæ˜¯æå‡é€Ÿåº¦ã€æŸ”éŸ§ã€çµæ•ã€åŸºç¡€åŠ›é‡çš„é»„é‡‘æ—¶æœŸï¼Œé€šè¿‡å¤šç§è¿åŠ¨æŠ€èƒ½å’ŒåŠŸèƒ½æ€§è®­ç»ƒè®©å­©å­åœ¨è¿åŠ¨èƒ½åŠ›ä¸Šå…¨é¢å‘å±•ã€‚åŸ¹å…»å­©å­åšéŸ§ã€è‡ªä¿¡ã€çƒ­çˆ±è¿åŠ¨ç­‰æ„å¿—å“è´¨ã€‚',7,9,NULL,NULL,NULL,'2019-04-25 19:39:53'),
(5,'è¯¥é˜¶æ®µå¼ºè°ƒå…¨é¢æå‡å­©å­çš„è¿åŠ¨èƒ½åŠ›ï¼Œå­¦ä¹ ä½“æ“ã€è·‘é…·ã€ç¯®çƒã€è¶³çƒå¤šæ ·çš„è¿åŠ¨æŠ€èƒ½ï¼Œé€šè¿‡åŠ æ‹¿å¤§å‘¨æœŸè®­ç»ƒæ‰‹æ®µï¼ˆLTADï¼‰å…¨é¢æé«˜å­©å­åŠ›é‡ã€é€Ÿåº¦ã€çµæ•ã€çˆ†å‘åŠ›ç­‰ç´ è´¨ï¼Œä¿æŒå­©å­å¯¹è¿åŠ¨çš„çƒ­çˆ±ï¼Œé¢„é˜²è¿åŠ¨æŸä¼¤ï¼ŒåŸ¹å…»è¿åŠ¨å“è´¨ã€‚',9,12,NULL,NULL,NULL,'2019-04-25 19:39:56');

/*Table structure for table `sys_config` */

DROP TABLE IF EXISTS `sys_config`;

CREATE TABLE `sys_config` (
  `id` bigint(20) NOT NULL AUTO_INCREMENT,
  `param_key` varchar(50) DEFAULT NULL COMMENT 'key',
  `param_value` varchar(2000) DEFAULT NULL COMMENT 'value',
  `status` tinyint(4) DEFAULT '1' COMMENT 'çŠ¶æ€   0ï¼šéšè—   1ï¼šæ˜¾ç¤º',
  `remark` varchar(500) DEFAULT NULL COMMENT 'å¤‡æ³¨',
  PRIMARY KEY (`id`),
  UNIQUE KEY `param_key` (`param_key`)
) ENGINE=InnoDB AUTO_INCREMENT=2 DEFAULT CHARSET=utf8 COMMENT='ç³»ç»Ÿé…ç½®ä¿¡æ¯è¡¨';

/*Data for the table `sys_config` */

insert  into `sys_config`(`id`,`param_key`,`param_value`,`status`,`remark`) values 
(1,'CLOUD_STORAGE_CONFIG_KEY','{\"aliyunAccessKeyId\":\"\",\"aliyunAccessKeySecret\":\"\",\"aliyunBucketName\":\"\",\"aliyunDomain\":\"\",\"aliyunEndPoint\":\"\",\"aliyunPrefix\":\"\",\"qcloudBucketName\":\"\",\"qcloudDomain\":\"\",\"qcloudPrefix\":\"\",\"qcloudSecretId\":\"\",\"qcloudSecretKey\":\"\",\"qiniuAccessKey\":\"NrgMfABZxWLo5B-YYSjoE8-AZ1EISdi1Z3ubLOeZ\",\"qiniuBucketName\":\"ios-app\",\"qiniuDomain\":\"http://7xqbwh.dl1.z0.glb.clouddn.com\",\"qiniuPrefix\":\"upload\",\"qiniuSecretKey\":\"uIwJHevMRWU0VLxFvgy0tAcOdGqasdtVlJkdy6vV\",\"type\":1}',0,'äº‘å­˜å‚¨é…ç½®ä¿¡æ¯');

/*Table structure for table `sys_dept` */

DROP TABLE IF EXISTS `sys_dept`;

CREATE TABLE `sys_dept` (
  `dept_id` bigint(20) NOT NULL AUTO_INCREMENT,
  `parent_id` bigint(20) DEFAULT NULL COMMENT 'ä¸Šçº§éƒ¨é—¨IDï¼Œä¸€çº§éƒ¨é—¨ä¸º0',
  `name` varchar(50) DEFAULT NULL COMMENT 'éƒ¨é—¨åç§°',
  `order_num` int(11) DEFAULT NULL COMMENT 'æ’åº',
  `del_flag` tinyint(4) DEFAULT '0' COMMENT 'æ˜¯å¦åˆ é™¤  -1ï¼šå·²åˆ é™¤  0ï¼šæ­£å¸¸',
  PRIMARY KEY (`dept_id`)
) ENGINE=InnoDB AUTO_INCREMENT=6 DEFAULT CHARSET=utf8 COMMENT='éƒ¨é—¨ç®¡ç†';

/*Data for the table `sys_dept` */

insert  into `sys_dept`(`dept_id`,`parent_id`,`name`,`order_num`,`del_flag`) values 
(1,0,'ç‰¹å·¥é›†å›¢',0,0),
(2,1,'é•¿æ²™åˆ†å…¬å¸',1,0),
(3,1,'ä¸Šæµ·åˆ†å…¬å¸',2,0),
(4,3,'æŠ€æœ¯éƒ¨',0,0),
(5,3,'é”€å”®éƒ¨',1,0);

/*Table structure for table `sys_dict` */

DROP TABLE IF EXISTS `sys_dict`;

CREATE TABLE `sys_dict` (
  `id` bigint(20) NOT NULL AUTO_INCREMENT,
  `name` varchar(100) NOT NULL COMMENT 'å­—å…¸åç§°',
  `type` varchar(100) NOT NULL COMMENT 'å­—å…¸ç±»å‹',
  `code` varchar(100) NOT NULL COMMENT 'å­—å…¸ç ',
  `value` varchar(1000) NOT NULL COMMENT 'å­—å…¸å€¼',
  `order_num` int(11) DEFAULT '0' COMMENT 'æ’åº',
  `remark` varchar(255) DEFAULT NULL COMMENT 'å¤‡æ³¨',
  `del_flag` tinyint(4) DEFAULT '0' COMMENT 'åˆ é™¤æ ‡è®°  -1ï¼šå·²åˆ é™¤  0ï¼šæ­£å¸¸',
  PRIMARY KEY (`id`),
  UNIQUE KEY `type` (`type`,`code`)
) ENGINE=InnoDB AUTO_INCREMENT=4 DEFAULT CHARSET=utf8 COMMENT='æ•°æ®å­—å…¸è¡¨';

/*Data for the table `sys_dict` */

insert  into `sys_dict`(`id`,`name`,`type`,`code`,`value`,`order_num`,`remark`,`del_flag`) values 
(1,'æ€§åˆ«','gender','2','å¥³',0,NULL,0),
(2,'æ€§åˆ«','gender','1','ç”·',1,NULL,0),
(3,'æ€§åˆ«','gender','0','æœªçŸ¥',3,NULL,0);

/*Table structure for table `sys_log` */

DROP TABLE IF EXISTS `sys_log`;

CREATE TABLE `sys_log` (
  `id` bigint(20) NOT NULL AUTO_INCREMENT,
  `username` varchar(50) DEFAULT NULL COMMENT 'ç”¨æˆ·å',
  `operation` varchar(50) DEFAULT NULL COMMENT 'ç”¨æˆ·æ“ä½œ',
  `method` varchar(200) DEFAULT NULL COMMENT 'è¯·æ±‚æ–¹æ³•',
  `params` varchar(5000) DEFAULT NULL COMMENT 'è¯·æ±‚å‚æ•°',
  `time` bigint(20) NOT NULL COMMENT 'æ‰§è¡Œæ—¶é•¿(æ¯«ç§’)',
  `ip` varchar(64) DEFAULT NULL COMMENT 'IPåœ°å€',
  `create_date` datetime DEFAULT NULL COMMENT 'åˆ›å»ºæ—¶é—´',
  PRIMARY KEY (`id`)
) ENGINE=InnoDB AUTO_INCREMENT=6 DEFAULT CHARSET=utf8 COMMENT='ç³»ç»Ÿæ—¥å¿—';

/*Data for the table `sys_log` */

insert  into `sys_log`(`id`,`username`,`operation`,`method`,`params`,`time`,`ip`,`create_date`) values 
(1,'admin','ä¿®æ”¹èœå•','io.renren.modules.sys.controller.SysMenuController.update()','{\"menuId\":41,\"parentId\":41,\"parentName\":\"ä½“è‚²ç®¡ç†ç³»ç»Ÿ\",\"name\":\"ä½“è‚²ç®¡ç†ç³»ç»Ÿ\",\"url\":\"\",\"type\":0,\"icon\":\"fa fa-file-code-o\",\"orderNum\":6}',43,'0:0:0:0:0:0:0:1','2019-04-25 16:16:24'),
(2,'admin','ä¿®æ”¹èœå•','io.renren.modules.sys.controller.SysMenuController.update()','{\"menuId\":42,\"parentId\":41,\"parentName\":\"ä½“è‚²ç®¡ç†ç³»ç»Ÿ\",\"name\":\"å¹´é¾„æ®µä½“é‡æ ‡å‡†\",\"url\":\"modules/sport/bmiconfig.html\",\"type\":1,\"icon\":\"fa fa-file-code-o\",\"orderNum\":6}',80,'0:0:0:0:0:0:0:1','2019-04-25 16:16:58'),
(3,'admin','ä¿®æ”¹èœå•','io.renren.modules.sys.controller.SysMenuController.update()','{\"menuId\":41,\"parentId\":0,\"parentName\":\"ä¸€çº§èœå•\",\"name\":\"ä½“è‚²ç®¡ç†ç³»ç»Ÿ\",\"url\":\"\",\"type\":0,\"icon\":\"fa fa-file-code-o\",\"orderNum\":6}',78,'0:0:0:0:0:0:0:1','2019-04-25 16:17:17'),
(4,'admin','ä¿å­˜èœå•','io.renren.modules.sys.controller.SysMenuController.save()','{\"menuId\":87,\"parentId\":41,\"parentName\":\"ä½“è‚²ç®¡ç†ç³»ç»Ÿ\",\"name\":\"é€šè¿‡å‡ºç”Ÿæ—¥æœŸè·å–Project\",\"url\":\"sport/project/listByBirthday\",\"perms\":\"sport:project:listByBirthday\",\"type\":1,\"icon\":\"fa\",\"orderNum\":0}',91,'0:0:0:0:0:0:0:1','2019-04-26 13:47:24'),
(5,'admin','ä¿®æ”¹èœå•','io.renren.modules.sys.controller.SysMenuController.update()','{\"menuId\":87,\"parentId\":72,\"parentName\":\"å­¦å‘˜ä¿¡æ¯è¡¨\",\"name\":\"é€šè¿‡å‡ºç”Ÿæ—¥æœŸè·å–Project\",\"url\":\"sport/project/listByBirthday\",\"perms\":\"sport:project:listByBirthday\",\"type\":2,\"icon\":\"fa\",\"orderNum\":0}',45,'0:0:0:0:0:0:0:1','2019-04-26 13:48:02');

/*Table structure for table `sys_menu` */

DROP TABLE IF EXISTS `sys_menu`;

CREATE TABLE `sys_menu` (
  `menu_id` bigint(20) NOT NULL AUTO_INCREMENT,
  `parent_id` bigint(20) DEFAULT NULL COMMENT 'çˆ¶èœå•IDï¼Œä¸€çº§èœå•ä¸º0',
  `name` varchar(50) DEFAULT NULL COMMENT 'èœå•åç§°',
  `url` varchar(200) DEFAULT NULL COMMENT 'èœå•URL',
  `perms` varchar(500) DEFAULT NULL COMMENT 'æˆæƒ(å¤šä¸ªç”¨é€—å·åˆ†éš”ï¼Œå¦‚ï¼šuser:list,user:create)',
  `type` int(11) DEFAULT NULL COMMENT 'ç±»å‹   0ï¼šç›®å½•   1ï¼šèœå•   2ï¼šæŒ‰é’®',
  `icon` varchar(50) DEFAULT NULL COMMENT 'èœå•å›¾æ ‡',
  `order_num` int(11) DEFAULT NULL COMMENT 'æ’åº',
  PRIMARY KEY (`menu_id`)
) ENGINE=InnoDB AUTO_INCREMENT=88 DEFAULT CHARSET=utf8 COMMENT='èœå•ç®¡ç†';

/*Data for the table `sys_menu` */

insert  into `sys_menu`(`menu_id`,`parent_id`,`name`,`url`,`perms`,`type`,`icon`,`order_num`) values 
(1,0,'ç³»ç»Ÿç®¡ç†',NULL,NULL,0,'fa fa-cog',0),
(2,1,'ç®¡ç†å‘˜ç®¡ç†','modules/sys/user.html',NULL,1,'fa fa-user',1),
(3,1,'è§’è‰²ç®¡ç†','modules/sys/role.html',NULL,1,'fa fa-user-secret',2),
(4,1,'èœå•ç®¡ç†','modules/sys/menu.html',NULL,1,'fa fa-th-list',3),
(5,1,'SQLç›‘æ§','druid/sql.html',NULL,1,'fa fa-bug',4),
(6,1,'å®šæ—¶ä»»åŠ¡','modules/job/schedule.html',NULL,1,'fa fa-tasks',5),
(7,6,'æŸ¥çœ‹',NULL,'sys:schedule:list,sys:schedule:info',2,NULL,0),
(8,6,'æ–°å¢',NULL,'sys:schedule:save',2,NULL,0),
(9,6,'ä¿®æ”¹',NULL,'sys:schedule:update',2,NULL,0),
(10,6,'åˆ é™¤',NULL,'sys:schedule:delete',2,NULL,0),
(11,6,'æš‚åœ',NULL,'sys:schedule:pause',2,NULL,0),
(12,6,'æ¢å¤',NULL,'sys:schedule:resume',2,NULL,0),
(13,6,'ç«‹å³æ‰§è¡Œ',NULL,'sys:schedule:run',2,NULL,0),
(14,6,'æ—¥å¿—åˆ—è¡¨',NULL,'sys:schedule:log',2,NULL,0),
(15,2,'æŸ¥çœ‹',NULL,'sys:user:list,sys:user:info',2,NULL,0),
(16,2,'æ–°å¢',NULL,'sys:user:save,sys:role:select',2,NULL,0),
(17,2,'ä¿®æ”¹',NULL,'sys:user:update,sys:role:select',2,NULL,0),
(18,2,'åˆ é™¤',NULL,'sys:user:delete',2,NULL,0),
(19,3,'æŸ¥çœ‹',NULL,'sys:role:list,sys:role:info',2,NULL,0),
(20,3,'æ–°å¢',NULL,'sys:role:save,sys:menu:perms',2,NULL,0),
(21,3,'ä¿®æ”¹',NULL,'sys:role:update,sys:menu:perms',2,NULL,0),
(22,3,'åˆ é™¤',NULL,'sys:role:delete',2,NULL,0),
(23,4,'æŸ¥çœ‹',NULL,'sys:menu:list,sys:menu:info',2,NULL,0),
(24,4,'æ–°å¢',NULL,'sys:menu:save,sys:menu:select',2,NULL,0),
(25,4,'ä¿®æ”¹',NULL,'sys:menu:update,sys:menu:select',2,NULL,0),
(26,4,'åˆ é™¤',NULL,'sys:menu:delete',2,NULL,0),
(27,1,'å‚æ•°ç®¡ç†','modules/sys/config.html','sys:config:list,sys:config:info,sys:config:save,sys:config:update,sys:config:delete',1,'fa fa-sun-o',6),
(29,1,'ç³»ç»Ÿæ—¥å¿—','modules/sys/log.html','sys:log:list',1,'fa fa-file-text-o',7),
(30,1,'æ–‡ä»¶ä¸Šä¼ ','modules/oss/oss.html','sys:oss:all',1,'fa fa-file-image-o',6),
(31,1,'éƒ¨é—¨ç®¡ç†','modules/sys/dept.html',NULL,1,'fa fa-file-code-o',1),
(32,31,'æŸ¥çœ‹',NULL,'sys:dept:list,sys:dept:info',2,NULL,0),
(33,31,'æ–°å¢',NULL,'sys:dept:save,sys:dept:select',2,NULL,0),
(34,31,'ä¿®æ”¹',NULL,'sys:dept:update,sys:dept:select',2,NULL,0),
(35,31,'åˆ é™¤',NULL,'sys:dept:delete',2,NULL,0),
(36,1,'å­—å…¸ç®¡ç†','modules/sys/dict.html',NULL,1,'fa fa-bookmark-o',6),
(37,36,'æŸ¥çœ‹',NULL,'sys:dict:list,sys:dict:info',2,NULL,6),
(38,36,'æ–°å¢',NULL,'sys:dict:save',2,NULL,6),
(39,36,'ä¿®æ”¹',NULL,'sys:dict:update',2,NULL,6),
(40,36,'åˆ é™¤',NULL,'sys:dict:delete',2,NULL,6),
(41,0,'ä½“è‚²ç®¡ç†ç³»ç»Ÿ','',NULL,0,'fa fa-file-code-o',6),
(42,41,'å¹´é¾„æ®µä½“é‡æ ‡å‡†','modules/sport/bmiconfig.html',NULL,1,'fa fa-file-code-o',6),
(43,42,'æŸ¥çœ‹',NULL,'sport:bmiconfig:list,sport:bmiconfig:info',2,NULL,6),
(44,42,'æ–°å¢',NULL,'sport:bmiconfig:save',2,NULL,6),
(45,42,'ä¿®æ”¹',NULL,'sport:bmiconfig:update',2,NULL,6),
(46,42,'åˆ é™¤',NULL,'sport:bmiconfig:delete',2,NULL,6),
(47,41,'BMIæˆç»©è¡¨','modules/sport/bmigrade.html',NULL,1,'fa fa-file-code-o',6),
(48,47,'æŸ¥çœ‹',NULL,'sport:bmigrade:list,sport:bmigrade:info',2,NULL,6),
(49,47,'æ–°å¢',NULL,'sport:bmigrade:save',2,NULL,6),
(50,47,'ä¿®æ”¹',NULL,'sport:bmigrade:update',2,NULL,6),
(51,47,'åˆ é™¤',NULL,'sport:bmigrade:delete',2,NULL,6),
(52,41,'é¡¹ç›®','modules/sport/project.html',NULL,1,'fa fa-file-code-o',6),
(53,52,'æŸ¥çœ‹',NULL,'sport:project:list,sport:project:info',2,NULL,6),
(54,52,'æ–°å¢',NULL,'sport:project:save',2,NULL,6),
(55,52,'ä¿®æ”¹',NULL,'sport:project:update',2,NULL,6),
(56,52,'åˆ é™¤',NULL,'sport:project:delete',2,NULL,6),
(57,41,'è®­ç»ƒé¡¹ç›®','modules/sport/projectconfig.html',NULL,1,'fa fa-file-code-o',6),
(58,57,'æŸ¥çœ‹',NULL,'sport:projectconfig:list,sport:projectconfig:info',2,NULL,6),
(59,57,'æ–°å¢',NULL,'sport:projectconfig:save',2,NULL,6),
(60,57,'ä¿®æ”¹',NULL,'sport:projectconfig:update',2,NULL,6),
(61,57,'åˆ é™¤',NULL,'sport:projectconfig:delete',2,NULL,6),
(62,41,'é¡¹ç›®æˆç»©è¡¨','modules/sport/projectgrade.html',NULL,1,'fa fa-file-code-o',6),
(63,62,'æŸ¥çœ‹',NULL,'sport:projectgrade:list,sport:projectgrade:info',2,NULL,6),
(64,62,'æ–°å¢',NULL,'sport:projectgrade:save',2,NULL,6),
(65,62,'ä¿®æ”¹',NULL,'sport:projectgrade:update',2,NULL,6),
(66,62,'åˆ é™¤',NULL,'sport:projectgrade:delete',2,NULL,6),
(67,41,'è¯„åˆ†å»ºè®®è¡¨','modules/sport/scoresuggestion.html',NULL,1,'fa fa-file-code-o',6),
(68,67,'æŸ¥çœ‹',NULL,'sport:scoresuggestion:list,sport:scoresuggestion:info',2,NULL,6),
(69,67,'æ–°å¢',NULL,'sport:scoresuggestion:save',2,NULL,6),
(70,67,'ä¿®æ”¹',NULL,'sport:scoresuggestion:update',2,NULL,6),
(71,67,'åˆ é™¤',NULL,'sport:scoresuggestion:delete',2,NULL,6),
(72,41,'å­¦å‘˜ä¿¡æ¯è¡¨','modules/sport/student.html',NULL,1,'fa fa-file-code-o',6),
(73,72,'æŸ¥çœ‹',NULL,'sport:student:list,sport:student:info',2,NULL,6),
(74,72,'æ–°å¢',NULL,'sport:student:save',2,NULL,6),
(75,72,'ä¿®æ”¹',NULL,'sport:student:update',2,NULL,6),
(76,72,'åˆ é™¤',NULL,'sport:student:delete',2,NULL,6),
(77,41,'å­¦å‘˜æˆç»©è¡¨','modules/sport/studentgrade.html',NULL,1,'fa fa-file-code-o',6),
(78,77,'æŸ¥çœ‹',NULL,'sport:studentgrade:list,sport:studentgrade:info',2,NULL,6),
(79,77,'æ–°å¢',NULL,'sport:studentgrade:save',2,NULL,6),
(80,77,'ä¿®æ”¹',NULL,'sport:studentgrade:update',2,NULL,6),
(81,77,'åˆ é™¤',NULL,'sport:studentgrade:delete',2,NULL,6),
(82,41,'å¹´é¾„æ®µè®­ç»ƒç›®æ ‡','modules/sport/traingoal.html',NULL,1,'fa fa-file-code-o',6),
(83,82,'æŸ¥çœ‹',NULL,'sport:traingoal:list,sport:traingoal:info',2,NULL,6),
(84,82,'æ–°å¢',NULL,'sport:traingoal:save',2,NULL,6),
(85,82,'ä¿®æ”¹',NULL,'sport:traingoal:update',2,NULL,6),
(86,82,'åˆ é™¤',NULL,'sport:traingoal:delete',2,NULL,6),
(87,72,'é€šè¿‡å‡ºç”Ÿæ—¥æœŸè·å–Project','sport/project/listByBirthday','sport:project:listByBirthday',2,'fa',0);

/*Table structure for table `sys_oss` */

DROP TABLE IF EXISTS `sys_oss`;

CREATE TABLE `sys_oss` (
  `id` bigint(20) NOT NULL AUTO_INCREMENT,
  `url` varchar(200) DEFAULT NULL COMMENT 'URLåœ°å€',
  `create_date` datetime DEFAULT NULL COMMENT 'åˆ›å»ºæ—¶é—´',
  PRIMARY KEY (`id`)
) ENGINE=InnoDB DEFAULT CHARSET=utf8 COMMENT='æ–‡ä»¶ä¸Šä¼ ';

/*Data for the table `sys_oss` */

/*Table structure for table `sys_role` */

DROP TABLE IF EXISTS `sys_role`;

CREATE TABLE `sys_role` (
  `role_id` bigint(20) NOT NULL AUTO_INCREMENT,
  `role_name` varchar(100) DEFAULT NULL COMMENT 'è§’è‰²åç§°',
  `remark` varchar(100) DEFAULT NULL COMMENT 'å¤‡æ³¨',
  `dept_id` bigint(20) DEFAULT NULL COMMENT 'éƒ¨é—¨ID',
  `create_time` datetime DEFAULT NULL COMMENT 'åˆ›å»ºæ—¶é—´',
  PRIMARY KEY (`role_id`)
) ENGINE=InnoDB DEFAULT CHARSET=utf8 COMMENT='è§’è‰²';

/*Data for the table `sys_role` */

/*Table structure for table `sys_role_dept` */

DROP TABLE IF EXISTS `sys_role_dept`;

CREATE TABLE `sys_role_dept` (
  `id` bigint(20) NOT NULL AUTO_INCREMENT,
  `role_id` bigint(20) DEFAULT NULL COMMENT 'è§’è‰²ID',
  `dept_id` bigint(20) DEFAULT NULL COMMENT 'éƒ¨é—¨ID',
  PRIMARY KEY (`id`)
) ENGINE=InnoDB DEFAULT CHARSET=utf8 COMMENT='è§’è‰²ä¸éƒ¨é—¨å¯¹åº”å…³ç³»';

/*Data for the table `sys_role_dept` */

/*Table structure for table `sys_role_menu` */

DROP TABLE IF EXISTS `sys_role_menu`;

CREATE TABLE `sys_role_menu` (
  `id` bigint(20) NOT NULL AUTO_INCREMENT,
  `role_id` bigint(20) DEFAULT NULL COMMENT 'è§’è‰²ID',
  `menu_id` bigint(20) DEFAULT NULL COMMENT 'èœå•ID',
  PRIMARY KEY (`id`)
) ENGINE=InnoDB DEFAULT CHARSET=utf8 COMMENT='è§’è‰²ä¸èœå•å¯¹åº”å…³ç³»';

/*Data for the table `sys_role_menu` */

/*Table structure for table `sys_user` */

DROP TABLE IF EXISTS `sys_user`;

CREATE TABLE `sys_user` (
  `user_id` bigint(20) NOT NULL AUTO_INCREMENT,
  `username` varchar(50) NOT NULL COMMENT 'ç”¨æˆ·å',
  `password` varchar(100) DEFAULT NULL COMMENT 'å¯†ç ',
  `salt` varchar(20) DEFAULT NULL COMMENT 'ç›',
  `email` varchar(100) DEFAULT NULL COMMENT 'é‚®ç®±',
  `mobile` varchar(100) DEFAULT NULL COMMENT 'æ‰‹æœºå·',
  `status` tinyint(4) DEFAULT NULL COMMENT 'çŠ¶æ€  0ï¼šç¦ç”¨   1ï¼šæ­£å¸¸',
  `dept_id` bigint(20) DEFAULT NULL COMMENT 'éƒ¨é—¨ID',
  `create_time` datetime DEFAULT NULL COMMENT 'åˆ›å»ºæ—¶é—´',
  PRIMARY KEY (`user_id`),
  UNIQUE KEY `username` (`username`)
) ENGINE=InnoDB AUTO_INCREMENT=2 DEFAULT CHARSET=utf8 COMMENT='ç³»ç»Ÿç”¨æˆ·';

/*Data for the table `sys_user` */

insert  into `sys_user`(`user_id`,`username`,`password`,`salt`,`email`,`mobile`,`status`,`dept_id`,`create_time`) values 
(1,'admin','e1153123d7d180ceeb820d577ff119876678732a68eef4e6ffc0b1f06a01f91b','YzcmCZNvbXocrsz9dm8e','root@renren.io','13612345678',1,1,'2016-11-11 11:11:11');

/*Table structure for table `sys_user_role` */

DROP TABLE IF EXISTS `sys_user_role`;

CREATE TABLE `sys_user_role` (
  `id` bigint(20) NOT NULL AUTO_INCREMENT,
  `user_id` bigint(20) DEFAULT NULL COMMENT 'ç”¨æˆ·ID',
  `role_id` bigint(20) DEFAULT NULL COMMENT 'è§’è‰²ID',
  PRIMARY KEY (`id`)
) ENGINE=InnoDB DEFAULT CHARSET=utf8 COMMENT='ç”¨æˆ·ä¸è§’è‰²å¯¹åº”å…³ç³»';

/*Data for the table `sys_user_role` */

/*!40101 SET SQL_MODE=@OLD_SQL_MODE */;
/*!40014 SET FOREIGN_KEY_CHECKS=@OLD_FOREIGN_KEY_CHECKS */;
/*!40014 SET UNIQUE_CHECKS=@OLD_UNIQUE_CHECKS */;
/*!40111 SET SQL_NOTES=@OLD_SQL_NOTES */;
